Year,GeoCode,Region,Local Authority,Deprivation Decile,Value
2010,E92000001,,,,5.6
2010,E12000001,North East,,,4.6
2010,E12000002,North West,,,5.1
2010,E12000003,Yorkshire and the Humber,,,5.3
2010,E12000004,East Midlands,,,5.7
2010,E12000005,West Midlands,,,5.7
2010,E12000006,East of England,,,5.6
2010,E12000007,London,,,7.2
2010,E12000008,South East,,,5.5
2010,E12000009,South West,,,4.7
2010,E06000001,North East,Hartlepool,,4.7
2010,E06000002,North East,Middlesbrough,,5
2010,E06000003,North East,Redcar and Cleveland,,4.5
2010,E06000004,North East,Stockton on Tees,,4.6
2010,E06000005,North East,Darlington,,4.5
2010,E06000006,North West,Halton,,5.5
2010,E06000007,North West,Warrington,,5.4
2010,E06000008,North West,Blackburn with Darwen,,5.1
2010,E06000009,North West,Blackpool,,4.3
2010,E06000010,Yorkshire and the Humber,Kingston upon Hull,,5.9
2010,E06000011,Yorkshire and the Humber,East Riding of Yorkshire,,4.9
2010,E06000012,Yorkshire and the Humber,North East Lincolnshire,,5.6
2010,E06000013,Yorkshire and the Humber,North Lincolnshire,,5.5
2010,E06000014,Yorkshire and the Humber,York,,4.8
2010,E06000015,East Midlands,Derby,,6.1
2010,E06000016,East Midlands,Leicester,,6.6
2010,E06000017,East Midlands,Rutland,,5.1
2010,E06000018,East Midlands,Nottingham,,6.4
2010,E06000019,West Midlands,Herefordshire,,4.5
2010,E06000020,West Midlands,Telford and Wrekin,,4.8
2010,E06000021,West Midlands,Stoke on Trent,,5.6
2010,E06000022,South West,Bath and North East Somerset,,4.9
2010,E06000023,South West,Bristol,,5.8
2010,E06000024,South West,North Somerset,,4.6
2010,E06000025,South West,South Gloucestershire,,5.4
2010,E06000026,South West,Plymouth,,4.5
2010,E06000027,South West,Torbay,,4
2010,E06000028,South West,Bournemouth,,5.1
2010,E06000029,South West,Poole,,5.2
2010,E06000030,South West,Swindon,,5.8
2010,E06000031,East of England,Peterborough,,5.7
2010,E06000032,East of England,Luton,,6.4
2010,E06000033,East of England,Southend on Sea,,6.1
2010,E06000034,East of England,Thurrock,,6.5
2010,E06000035,South East,Medway,,6.1
2010,E06000036,South East,Bracknell Forest,,5.6
2010,E06000037,South East,West Berkshire,,5.5
2010,E06000038,South East,Reading,,5.9
2010,E06000039,South East,Slough,,6.8
2010,E06000040,South East,Windsor and Maidenhead,,5.9
2010,E06000041,South East,Wokingham,,5.7
2010,E06000042,South East,Milton Keynes,,5.8
2010,E06000043,South East,Brighton and Hove,,5.4
2010,E06000044,South East,Portsmouth,,5.9
2010,E06000045,South East,Southampton,,6.2
2010,E06000046,South East,Isle of Wight,,4.6
2010,E06000047,North East,County Durham,,4.3
2010,E06000049,North West,Cheshire East,,4.9
2010,E06000050,North West,Cheshire West and Chester,,4.7
2010,E06000051,West Midlands,Shropshire,,4.2
2010,E06000052,South West,Cornwall,,3.8
2010,E06000053,South West,Isles of Scilly,,3.2
2010,E06000054,South West,Wiltshire,,4.9
2010,E06000055,East of England,Bedford,,5.5
2010,E06000056,East of England,Central Bedfordshire,,5.5
2010,E06000057,North East,Northumberland,,3.9
2010,E08000001,North West,Bolton,,5.5
2010,E08000002,North West,Bury,,5.5
2010,E08000003,North West,Manchester,,5.9
2010,E08000004,North West,Oldham,,5.7
2010,E08000005,North West,Rochdale,,5.5
2010,E08000006,North West,Salford,,5.9
2010,E08000007,North West,Stockport,,5.7
2010,E08000008,North West,Tameside,,5.8
2010,E08000009,North West,Trafford,,5.6
2010,E08000010,North West,Wigan,,5.2
2010,E08000011,North West,Knowsley,,5.5
2010,E08000012,North West,Liverpool,,5.4
2010,E08000013,North West,St Helens,,5.5
2010,E08000014,North West,Sefton,,4.6
2010,E08000015,North West,Wirral,,4.7
2010,E08000016,Yorkshire and the Humber,Barnsley,,5.4
2010,E08000017,Yorkshire and the Humber,Doncaster,,5.6
2010,E08000018,Yorkshire and the Humber,Rotherham,,5.7
2010,E08000019,Yorkshire and the Humber,Sheffield,,5.5
2010,E08000021,North East,Newcastle upon Tyne,,4.9
2010,E08000022,North East,North Tyneside,,4.8
2010,E08000023,North East,South Tyneside,,5
2010,E08000024,North East,Sunderland,,5
2010,E08000025,West Midlands,Birmingham,,6.4
2010,E08000026,West Midlands,Coventry,,6.2
2010,E08000027,West Midlands,Dudley,,5.9
2010,E08000028,West Midlands,Sandwell,,6.9
2010,E08000029,West Midlands,Solihull,,6
2010,E08000030,West Midlands,Walsall,,6.4
2010,E08000031,West Midlands,Wolverhampton,,5.8
2010,E08000032,Yorkshire and the Humber,Bradford,,5.3
2010,E08000033,Yorkshire and the Humber,Calderdale,,5
2010,E08000034,Yorkshire and the Humber,Kirklees,,5.4
2010,E08000035,Yorkshire and the Humber,Leeds,,5.5
2010,E08000036,Yorkshire and the Humber,Wakefield,,5.7
2010,E08000037,North East,Gateshead,,4.9
2010,E09000001,London,City of London,,9
2010,E09000002,London,Barking and Dagenham,,7.1
2010,E09000003,London,Barnet,,6.8
2010,E09000004,London,Bexley,,6.6
2010,E09000005,London,Brent,,7.2
2010,E09000006,London,Bromley,,6.3
2010,E09000007,London,Camden,,7.7
2010,E09000008,London,Croydon,,6.5
2010,E09000009,London,Ealing,,7.2
2010,E09000010,London,Enfield,,6.6
2010,E09000011,London,Greenwich,,7.2
2010,E09000012,London,Hackney,,7.8
2010,E09000013,London,Hammersmith and Fulham,,7.9
2010,E09000014,London,Haringey,,7.1
2010,E09000015,London,Harrow,,6.4
2010,E09000016,London,Havering,,6.3
2010,E09000017,London,Hillingdon,,6.5
2010,E09000018,London,Hounslow,,7.1
2010,E09000019,London,Islington,,7.9
2010,E09000020,London,Kensington and Chelsea,,8.3
2010,E09000021,London,Kingston upon Thames,,6.7
2010,E09000022,London,Lambeth,,7.7
2010,E09000023,London,Lewisham,,7.2
2010,E09000024,London,Merton,,6.9
2010,E09000025,London,Newham,,7.6
2010,E09000026,London,Redbridge,,7
2010,E09000027,London,Richmond upon Thames,,6.8
2010,E09000028,London,Southwark,,7.9
2010,E09000029,London,Sutton,,6.4
2010,E09000030,London,Tower Hamlets,,8.1
2010,E09000031,London,Waltham Forest,,7.3
2010,E09000032,London,Wandsworth,,7.3
2010,E09000033,London,Westminster,,8.3
2011,E92000001,,,,5.4
2011,E12000001,North East,,,4.1
2011,E12000002,North West,,,4.6
2011,E12000003,Yorkshire and the Humber,,,5
2011,E12000004,East Midlands,,,5.3
2011,E12000005,West Midlands,,,5.3
2011,E12000006,East of England,,,5.5
2011,E12000007,London,,,7.2
2011,E12000008,South East,,,5.5
2011,E12000009,South West,,,4.4
2011,E06000001,North East,Hartlepool,,4.2
2011,E06000002,North East,Middlesbrough,,4.4
2011,E06000003,North East,Redcar and Cleveland,,4
2011,E06000004,North East,Stockton on Tees,,4.2
2011,E06000005,North East,Darlington,,4
2011,E06000006,North West,Halton,,4.9
2011,E06000007,North West,Warrington,,4.9
2011,E06000008,North West,Blackburn with Darwen,,4.5
2011,E06000009,North West,Blackpool,,3.6
2011,E06000010,Yorkshire and the Humber,Kingston upon Hull,,5.6
2011,E06000011,Yorkshire and the Humber,East Riding of Yorkshire,,4.7
2011,E06000012,Yorkshire and the Humber,North East Lincolnshire,,5
2011,E06000013,Yorkshire and the Humber,North Lincolnshire,,5.2
2011,E06000014,Yorkshire and the Humber,York,,4.5
2011,E06000015,East Midlands,Derby,,5.6
2011,E06000016,East Midlands,Leicester,,6.2
2011,E06000017,East Midlands,Rutland,,4.9
2011,E06000018,East Midlands,Nottingham,,5.9
2011,E06000019,West Midlands,Herefordshire,,4
2011,E06000020,West Midlands,Telford and Wrekin,,4.4
2011,E06000021,West Midlands,Stoke on Trent,,5.2
2011,E06000022,South West,Bath and North East Somerset,,4.7
2011,E06000023,South West,Bristol,,5.3
2011,E06000024,South West,North Somerset,,4.3
2011,E06000025,South West,South Gloucestershire,,5.2
2011,E06000026,South West,Plymouth,,4.3
2011,E06000027,South West,Torbay,,3.9
2011,E06000028,South West,Bournemouth,,4.9
2011,E06000029,South West,Poole,,4.9
2011,E06000030,South West,Swindon,,5.5
2011,E06000031,East of England,Peterborough,,5.5
2011,E06000032,East of England,Luton,,6.4
2011,E06000033,East of England,Southend on Sea,,5.7
2011,E06000034,East of England,Thurrock,,6.3
2011,E06000035,South East,Medway,,5.8
2011,E06000036,South East,Bracknell Forest,,5.7
2011,E06000037,South East,West Berkshire,,5.6
2011,E06000038,South East,Reading,,6
2011,E06000039,South East,Slough,,6.8
2011,E06000040,South East,Windsor and Maidenhead,,6.1
2011,E06000041,South East,Wokingham,,5.9
2011,E06000042,South East,Milton Keynes,,5.7
2011,E06000043,South East,Brighton and Hove,,5.6
2011,E06000044,South East,Portsmouth,,5.9
2011,E06000045,South East,Southampton,,6.3
2011,E06000046,South East,Isle of Wight,,4.6
2011,E06000047,North East,County Durham,,3.8
2011,E06000049,North West,Cheshire East,,4.5
2011,E06000050,North West,Cheshire West and Chester,,4.2
2011,E06000051,West Midlands,Shropshire,,3.8
2011,E06000052,South West,Cornwall,,3.4
2011,E06000054,South West,Wiltshire,,4.8
2011,E06000055,East of England,Bedford,,5.6
2011,E06000056,East of England,Central Bedfordshire,,5.6
2011,E06000057,North East,Northumberland,,3.4
2011,E07000004,South East,Aylesbury Vale,,5.5
2011,E07000005,South East,Chiltern,,5.7
2011,E07000006,South East,South Bucks,,6.4
2011,E07000007,South East,Wycombe,,5.9
2011,E07000008,East of England,Cambridge,,5.7
2011,E07000009,East of England,East Cambridgeshire,,5.1
2011,E07000010,East of England,Fenland,,5.2
2011,E07000011,East of England,Huntingdonshire,,5.4
2011,E07000012,East of England,South Cambridgeshire,,5.4
2011,E07000026,North West,Allerdale,,2.7
2011,E07000027,North West,Barrow in Furness,,3.4
2011,E07000028,North West,Carlisle,,3.1
2011,E07000029,North West,Copeland,,2.7
2011,E07000030,North West,Eden,,3
2011,E07000031,North West,South Lakeland,,3.1
2011,E07000032,East Midlands,Amber Valley,,5
2011,E07000033,East Midlands,Bolsover,,5.3
2011,E07000034,East Midlands,Chesterfield,,4.9
2011,E07000035,East Midlands,Derbyshire Dales,,4.3
2011,E07000036,East Midlands,Erewash,,5.5
2011,E07000037,East Midlands,High Peak,,4.4
2011,E07000038,East Midlands,North East Derbyshire,,4.9
2011,E07000039,East Midlands,South Derbyshire,,5
2011,E07000040,South West,East Devon,,3.8
2011,E07000041,South West,Exeter,,4.2
2011,E07000042,South West,Mid Devon,,3.9
2011,E07000043,South West,North Devon,,3.4
2011,E07000044,South West,South Hams,,3.6
2011,E07000045,South West,Teignbridge,,3.9
2011,E07000046,South West,Torridge,,3.3
2011,E07000047,South West,West Devon,,3.4
2011,E07000048,South West,Christchurch,,4.6
2011,E07000049,South West,East Dorset,,4.7
2011,E07000050,South West,North Dorset,,4.5
2011,E07000051,South West,Purbeck,,4.3
2011,E07000052,South West,West Dorset,,4.1
2011,E07000053,South West,Weymouth and Portland,,4.1
2011,E07000061,South East,Eastbourne,,5
2011,E07000062,South East,Hastings,,5.1
2011,E07000063,South East,Lewes,,4.9
2011,E07000064,South East,Rother,,4.8
2011,E07000065,South East,Wealden,,4.9
2011,E07000066,East of England,Basildon,,5.9
2011,E07000067,East of England,Braintree,,5.4
2011,E07000068,East of England,Brentwood,,5.9
2011,E07000069,East of England,Castle Point,,5.7
2011,E07000070,East of England,Chelmsford,,5.7
2011,E07000071,East of England,Colchester,,5.4
2011,E07000072,East of England,Epping Forest,,6.2
2011,E07000073,East of England,Harlow,,6.1
2011,E07000074,East of England,Maldon,,5.2
2011,E07000075,East of England,Rochford,,5.6
2011,E07000076,East of England,Tendring,,5
2011,E07000077,East of England,Uttlesford,,5.5
2011,E07000078,South West,Cheltenham,,5.1
2011,E07000079,South West,Cotswold,,4.7
2011,E07000080,South West,Forest of Dean,,4.2
2011,E07000081,South West,Gloucester,,5
2011,E07000082,South West,Stroud,,4.6
2011,E07000083,South West,Tewkesbury,,4.8
2011,E07000084,South East,Basingstoke and Deane,,5.6
2011,E07000085,South East,East Hampshire,,5.2
2011,E07000086,South East,Eastleigh,,5.8
2011,E07000087,South East,Fareham,,5.6
2011,E07000088,South East,Gosport,,5.3
2011,E07000089,South East,Hart,,5.4
2011,E07000090,South East,Havant,,5.4
2011,E07000091,South East,New Forest,,4.8
2011,E07000092,South East,Rushmoor,,5.9
2011,E07000093,South East,Test Valley,,5.3
2011,E07000094,South East,Winchester,,5.3
2011,E07000095,East of England,Broxbourne,,6.2
2011,E07000096,East of England,Dacorum,,5.8
2011,E07000098,East of England,Hertsmere,,6.4
2011,E07000099,East of England,North Hertfordshire,,5.7
2011,E07000102,East of England,Three Rivers,,6.1
2011,E07000103,East of England,Watford,,6.5
2011,E07000105,South East,Ashford,,5.2
2011,E07000106,South East,Canterbury,,5
2011,E07000107,South East,Dartford,,6.5
2011,E07000108,South East,Dover,,4.9
2011,E07000109,South East,Gravesham,,5.9
2011,E07000110,South East,Maidstone,,5.4
2011,E07000111,South East,Sevenoaks,,5.7
2011,E07000112,South East,Shepway,,4.9
2011,E07000113,South East,Swale,,5.4
2011,E07000114,South East,Thanet,,5
2011,E07000115,South East,Tonbridge and Malling,,5.6
2011,E07000116,South East,Tunbridge Wells,,5.1
2011,E07000117,North West,Burnley,,4.5
2011,E07000118,North West,Chorley,,4.4
2011,E07000119,North West,Fylde,,3.6
2011,E07000120,North West,Hyndburn,,4.6
2011,E07000121,North West,Lancaster,,3.7
2011,E07000122,North West,Pendle,,4.3
2011,E07000123,North West,Preston,,4.4
2011,E07000124,North West,Ribble Valley,,3.8
2011,E07000125,North West,Rossendale,,4.3
2011,E07000126,North West,South Ribble,,4.3
2011,E07000127,North West,West Lancashire,,4.3
2011,E07000128,North West,Wyre,,3.5
2011,E07000129,East Midlands,Blaby,,5.6
2011,E07000130,East Midlands,Charnwood,,5.4
2011,E07000131,East Midlands,Harborough,,5.1
2011,E07000132,East Midlands,Hinckley and Bosworth,,5.3
2011,E07000133,East Midlands,Melton,,5
2011,E07000134,East Midlands,North West Leicestershire,,5.1
2011,E07000135,East Midlands,Oadby and Wigston,,5.5
2011,E07000136,East Midlands,Boston,,5
2011,E07000137,East Midlands,East Lindsey,,4.6
2011,E07000138,East Midlands,Lincoln,,5.2
2011,E07000139,East Midlands,North Kesteven,,5
2011,E07000140,East Midlands,South Holland,,4.9
2011,E07000141,East Midlands,South Kesteven,,5.1
2011,E07000142,East Midlands,West Lindsey,,4.9
2011,E07000143,East of England,Breckland,,4.8
2011,E07000144,East of England,Broadland,,4.9
2011,E07000145,East of England,Great Yarmouth,,4.8
2011,E07000146,East of England,Kings Lynn and West Norfolk,,4.8
2011,E07000147,East of England,North Norfolk,,4.5
2011,E07000148,East of England,Norwich,,5.2
2011,E07000149,East of England,South Norfolk,,4.8
2011,E07000150,East Midlands,Corby,,5.3
2011,E07000151,East Midlands,Daventry,,5.2
2011,E07000152,East Midlands,East Northamptonshire,,5.4
2011,E07000153,East Midlands,Kettering,,5.5
2011,E07000154,East Midlands,Northampton,,5.9
2011,E07000155,East Midlands,South Northamptonshire,,5.2
2011,E07000156,East Midlands,Wellingborough,,5.7
2011,E07000163,Yorkshire and the Humber,Craven,,3.6
2011,E07000164,Yorkshire and the Humber,Hambleton,,4
2011,E07000165,Yorkshire and the Humber,Harrogate,,4.1
2011,E07000166,Yorkshire and the Humber,Richmondshire,,3.6
2011,E07000167,Yorkshire and the Humber,Ryedale,,4
2011,E07000168,Yorkshire and the Humber,Scarborough,,3.9
2011,E07000169,Yorkshire and the Humber,Selby,,4.9
2011,E07000170,East Midlands,Ashfield,,5.4
2011,E07000171,East Midlands,Bassetlaw,,5
2011,E07000172,East Midlands,Broxtowe,,5.6
2011,E07000173,East Midlands,Gedling,,5.5
2011,E07000174,East Midlands,Mansfield,,5.3
2011,E07000175,East Midlands,Newark and Sherwood,,5.1
2011,E07000176,East Midlands,Rushcliffe,,5.2
2011,E07000177,South East,Cherwell,,5.4
2011,E07000178,South East,Oxford,,5.9
2011,E07000179,South East,South Oxfordshire,,5.5
2011,E07000180,South East,Vale of White Horse,,5.5
2011,E07000181,South East,West Oxfordshire,,5.1
2011,E07000187,South West,Mendip,,4.3
2011,E07000188,South West,Sedgemoor,,5.2
2011,E07000189,South West,South Somerset,,5.4
2011,E07000190,South West,Taunton Deane,,5.3
2011,E07000191,South West,West Somerset,,3.4
2011,E07000192,West Midlands,Cannock Chase,,5
2011,E07000193,West Midlands,East Staffordshire,,4.9
2011,E07000194,West Midlands,Lichfield,,5.1
2011,E07000195,West Midlands,Newcastle under Lyme,,4.8
2011,E07000196,West Midlands,South Staffordshire,,4.9
2011,E07000197,West Midlands,Stafford,,4.7
2011,E07000198,West Midlands,Staffordshire Moorlands,,4.4
2011,E07000199,West Midlands,Tamworth,,5.4
2011,E07000200,East of England,Babergh,,5.2
2011,E07000201,East of England,Forest Heath,,5.1
2011,E07000202,East of England,Ipswich,,5.5
2011,E07000203,East of England,Mid Suffolk,,5.1
2011,E07000204,East of England,St Edmundsbury,,5.3
2011,E07000205,East of England,Suffolk Coastal,,5
2011,E07000206,East of England,Waveney,,4.7
2011,E07000207,South East,Elmbridge,,6.1
2011,E07000208,South East,Epsom and Ewell,,6
2011,E07000209,South East,Guildford,,5.7
2011,E07000210,South East,Mole Valley,,5.6
2011,E07000211,South East,Reigate and Banstead,,5.8
2011,E07000212,South East,Runnymede,,6.4
2011,E07000213,South East,Spelthorne,,6.4
2011,E07000214,South East,Surrey Heath,,6
2011,E07000215,South East,Tandridge,,5.6
2011,E07000216,South East,Waverley,,5.2
2011,E07000217,South East,Woking,,5.7
2011,E07000218,West Midlands,North Warwickshire,,5.5
2011,E07000219,West Midlands,Nuneaton and Bedworth,,5.5
2011,E07000220,West Midlands,Rugby,,5.2
2011,E07000221,West Midlands,Stratford on Avon,,4.9
2011,E07000222,West Midlands,Warwick,,5.3
2011,E07000223,South East,Adur,,5.3
2011,E07000224,South East,Arun,,4.9
2011,E07000225,South East,Chichester,,5.1
2011,E07000226,South East,Crawley,,5.7
2011,E07000227,South East,Horsham,,5.2
2011,E07000228,South East,Mid Sussex,,5.3
2011,E07000229,South East,Worthing,,5.2
2011,E07000234,West Midlands,Bromsgrove,,5.1
2011,E07000235,West Midlands,Malvern Hills,,4.3
2011,E07000236,West Midlands,Redditch,,5
2011,E07000237,West Midlands,Worcester,,5
2011,E07000238,West Midlands,Wychavon,,4.7
2011,E07000239,West Midlands,Wyre Forest,,4.6
2011,E07000240,East of England,St Albans,,6.1
2011,E07000241,East of England,Welwyn Hatfield,,6.1
2011,E07000242,East of England,East Hertfordshire,,5.8
2011,E07000243,East of England,Stevenage,,6
2011,E08000001,North West,Bolton,,5
2011,E08000002,North West,Bury,,5.2
2011,E08000003,North West,Manchester,,5.4
2011,E08000004,North West,Oldham,,5.3
2011,E08000005,North West,Rochdale,,5.2
2011,E08000006,North West,Salford,,5.5
2011,E08000007,North West,Stockport,,5.2
2011,E08000008,North West,Tameside,,5.4
2011,E08000009,North West,Trafford,,5.1
2011,E08000010,North West,Wigan,,4.8
2011,E08000011,North West,Knowsley,,4.9
2011,E08000012,North West,Liverpool,,4.7
2011,E08000013,North West,St Helens,,4.9
2011,E08000014,North West,Sefton,,4.1
2011,E08000015,North West,Wirral,,4
2011,E08000016,Yorkshire and the Humber,Barnsley,,5.1
2011,E08000017,Yorkshire and the Humber,Doncaster,,5.3
2011,E08000018,Yorkshire and the Humber,Rotherham,,5.4
2011,E08000019,Yorkshire and the Humber,Sheffield,,5.1
2011,E08000021,North East,Newcastle upon Tyne,,4.3
2011,E08000022,North East,North Tyneside,,4.3
2011,E08000023,North East,South Tyneside,,4.4
2011,E08000024,North East,Sunderland,,4.3
2011,E08000025,West Midlands,Birmingham,,5.9
2011,E08000026,West Midlands,Coventry,,5.8
2011,E08000027,West Midlands,Dudley,,5.3
2011,E08000028,West Midlands,Sandwell,,6.2
2011,E08000029,West Midlands,Solihull,,5.6
2011,E08000030,West Midlands,Walsall,,6
2011,E08000031,West Midlands,Wolverhampton,,5.4
2011,E08000032,Yorkshire and the Humber,Bradford,,4.9
2011,E08000033,Yorkshire and the Humber,Calderdale,,4.7
2011,E08000034,Yorkshire and the Humber,Kirklees,,5
2011,E08000035,Yorkshire and the Humber,Leeds,,5.2
2011,E08000036,Yorkshire and the Humber,Wakefield,,5.3
2011,E08000037,North East,Gateshead,,4.2
2011,E09000001,London,City of London,,8.9
2011,E09000002,London,Barking and Dagenham,,7
2011,E09000003,London,Barnet,,7
2011,E09000004,London,Bexley,,6.5
2011,E09000005,London,Brent,,7.5
2011,E09000006,London,Bromley,,6.1
2011,E09000007,London,Camden,,7.9
2011,E09000008,London,Croydon,,6.4
2011,E09000009,London,Ealing,,7.3
2011,E09000010,London,Enfield,,6.9
2011,E09000011,London,Greenwich,,6.9
2011,E09000012,London,Hackney,,8
2011,E09000013,London,Hammersmith and Fulham,,7.9
2011,E09000014,London,Haringey,,7.3
2011,E09000015,London,Harrow,,6.7
2011,E09000016,London,Havering,,6.3
2011,E09000017,London,Hillingdon,,6.9
2011,E09000018,London,Hounslow,,7.1
2011,E09000019,London,Islington,,8.1
2011,E09000020,London,Kensington and Chelsea,,8.3
2011,E09000021,London,Kingston upon Thames,,6.7
2011,E09000022,London,Lambeth,,7.5
2011,E09000023,London,Lewisham,,7
2011,E09000024,London,Merton,,6.8
2011,E09000025,London,Newham,,7.6
2011,E09000026,London,Redbridge,,7.1
2011,E09000027,London,Richmond upon Thames,,6.8
2011,E09000028,London,Southwark,,7.7
2011,E09000029,London,Sutton,,6.4
2011,E09000030,London,Tower Hamlets,,8.1
2011,E09000031,London,Waltham Forest,,7.4
2011,E09000032,London,Wandsworth,,7.2
2011,E09000033,London,Westminster,,8.3
2012,E92000001,,,,5.1
2012,E12000001,North East,,,4.1
2012,E12000002,North West,,,4.4
2012,E12000003,Yorkshire and the Humber,,,4.9
2012,E12000004,East Midlands,,,5.2
2012,E12000005,West Midlands,,,5.1
2012,E12000006,East of England,,,5.3
2012,E12000007,London,,,6.6
2012,E12000008,South East,,,5.1
2012,E12000009,South West,,,4.2
2012,E06000001,North East,Hartlepool,,4.2
2012,E06000002,North East,Middlesbrough,,4.4
2012,E06000003,North East,Redcar and Cleveland,,4.1
2012,E06000004,North East,Stockton on Tees,,4.2
2012,E06000005,North East,Darlington,,4.1
2012,E06000006,North West,Halton,,4.8
2012,E06000007,North West,Warrington,,4.7
2012,E06000008,North West,Blackburn with Darwen,,4.3
2012,E06000009,North West,Blackpool,,3.4
2012,E06000010,Yorkshire and the Humber,Kingston upon Hull,,5.4
2012,E06000011,Yorkshire and the Humber,East Riding of Yorkshire,,4.9
2012,E06000012,Yorkshire and the Humber,North East Lincolnshire,,5
2012,E06000013,Yorkshire and the Humber,North Lincolnshire,,5.4
2012,E06000014,Yorkshire and the Humber,York,,4.5
2012,E06000015,East Midlands,Derby,,5.5
2012,E06000016,East Midlands,Leicester,,5.9
2012,E06000017,East Midlands,Rutland,,4.9
2012,E06000018,East Midlands,Nottingham,,5.8
2012,E06000019,West Midlands,Herefordshire,,4.1
2012,E06000020,West Midlands,Telford and Wrekin,,4.4
2012,E06000021,West Midlands,Stoke on Trent,,4.9
2012,E06000022,South West,Bath and North East Somerset,,4.4
2012,E06000023,South West,Bristol,,5.2
2012,E06000024,South West,North Somerset,,4.1
2012,E06000025,South West,South Gloucestershire,,5
2012,E06000026,South West,Plymouth,,4
2012,E06000027,South West,Torbay,,3.6
2012,E06000028,South West,Bournemouth,,4.4
2012,E06000029,South West,Poole,,4.4
2012,E06000030,South West,Swindon,,5.2
2012,E06000031,East of England,Peterborough,,5.4
2012,E06000032,East of England,Luton,,5.8
2012,E06000033,East of England,Southend on Sea,,5.3
2012,E06000034,East of England,Thurrock,,5.9
2012,E06000035,South East,Medway,,5.5
2012,E06000036,South East,Bracknell Forest,,5
2012,E06000037,South East,West Berkshire,,5.2
2012,E06000038,South East,Reading,,5.7
2012,E06000039,South East,Slough,,6.4
2012,E06000040,South East,Windsor and Maidenhead,,5.6
2012,E06000041,South East,Wokingham,,5.3
2012,E06000042,South East,Milton Keynes,,5.3
2012,E06000043,South East,Brighton and Hove,,5
2012,E06000044,South East,Portsmouth,,5.3
2012,E06000045,South East,Southampton,,5.7
2012,E06000046,South East,Isle of Wight,,4.1
2012,E06000047,North East,County Durham,,3.9
2012,E06000049,North West,Cheshire East,,4.3
2012,E06000050,North West,Cheshire West and Chester,,4.2
2012,E06000051,West Midlands,Shropshire,,3.9
2012,E06000052,South West,Cornwall,,3.3
2012,E06000053,South West,Isles of Scilly,,3.3
2012,E06000054,South West,Wiltshire,,4.5
2012,E06000055,East of England,Bedford,,5.2
2012,E06000056,East of England,Central Bedfordshire,,5.2
2012,E06000057,North East,Northumberland,,3.6
2012,E07000004,South East,Aylesbury Vale,,5
2012,E07000005,South East,Chiltern,,5.1
2012,E07000006,South East,South Bucks,,5.9
2012,E07000007,South East,Wycombe,,5.3
2012,E07000008,East of England,Cambridge,,5.364171123
2012,E07000009,East of England,East Cambridgeshire,,5.062277534
2012,E07000010,East of England,Fenland,,5.15439456
2012,E07000011,East of England,Huntingdonshire,,5.265523588
2012,E07000012,East of England,South Cambridgeshire,,5.272368233
2012,E07000026,North West,Allerdale,,2.652538073
2012,E07000027,North West,Barrow in Furness,,3.32870301
2012,E07000028,North West,Carlisle,,3.057491961
2012,E07000029,North West,Copeland,,2.782970934
2012,E07000030,North West,Eden,,2.964412654
2012,E07000031,North West,South Lakeland,,3.07963247
2012,E07000032,East Midlands,Amber Valley,,4.781006247
2012,E07000033,East Midlands,Bolsover,,5.232507791
2012,E07000034,East Midlands,Chesterfield,,4.703909071
2012,E07000035,East Midlands,Derbyshire Dales,,4.028080409
2012,E07000036,East Midlands,Erewash,,5.390911828
2012,E07000037,East Midlands,High Peak,,4.095833691
2012,E07000038,East Midlands,North East Derbyshire,,4.760197824
2012,E07000039,East Midlands,South Derbyshire,,4.941549718
2012,E07000040,South West,East Devon,,3.58067304
2012,E07000041,South West,Exeter,,3.954794898
2012,E07000042,South West,Mid Devon,,3.77817666
2012,E07000043,South West,North Devon,,3.252008414
2012,E07000044,South West,South Hams,,3.358552935
2012,E07000045,South West,Teignbridge,,3.602357042
2012,E07000046,South West,Torridge,,3.243157291
2012,E07000047,South West,West Devon,,3.156181565
2012,E07000048,South West,Christchurch,,4.140640834
2012,E07000049,South West,East Dorset,,4.238395166
2012,E07000050,South West,North Dorset,,4.330586907
2012,E07000051,South West,Purbeck,,3.823524503
2012,E07000052,South West,West Dorset,,3.872827925
2012,E07000053,South West,Weymouth and Portland,,3.690166676
2012,E07000061,South East,Eastbourne,,4.488661961
2012,E07000062,South East,Hastings,,4.672363952
2012,E07000063,South East,Lewes,,4.4314888
2012,E07000064,South East,Rother,,4.431433113
2012,E07000065,South East,Wealden,,4.504855731
2012,E07000066,East of England,Basildon,,5.514592562
2012,E07000067,East of England,Braintree,,5.292292167
2012,E07000068,East of England,Brentwood,,5.591198906
2012,E07000069,East of England,Castle Point,,5.23587615
2012,E07000070,East of England,Chelmsford,,5.429989282
2012,E07000071,East of England,Colchester,,5.161799847
2012,E07000072,East of England,Epping Forest,,5.747136125
2012,E07000073,East of England,Harlow,,5.596974882
2012,E07000074,East of England,Maldon,,5.058571077
2012,E07000075,East of England,Rochford,,5.191801924
2012,E07000076,East of England,Tendring,,4.755980096
2012,E07000077,East of England,Uttlesford,,5.309342842
2012,E07000078,South West,Cheltenham,,4.786498913
2012,E07000079,South West,Cotswold,,4.471741825
2012,E07000080,South West,Forest of Dean,,4.089239352
2012,E07000081,South West,Gloucester,,4.788607124
2012,E07000082,South West,Stroud,,4.310516413
2012,E07000083,South West,Tewkesbury,,4.704964097
2012,E07000084,South East,Basingstoke and Deane,,5.23764311
2012,E07000085,South East,East Hampshire,,4.736109864
2012,E07000086,South East,Eastleigh,,5.246256569
2012,E07000087,South East,Fareham,,5.087555031
2012,E07000088,South East,Gosport,,4.710794293
2012,E07000089,South East,Hart,,4.849115085
2012,E07000090,South East,Havant,,4.875502475
2012,E07000091,South East,New Forest,,4.320663689
2012,E07000092,South East,Rushmoor,,5.239354821
2012,E07000093,South East,Test Valley,,4.9136293
2012,E07000094,South East,Winchester,,4.846897324
2012,E07000095,East of England,Broxbourne,,5.624804631
2012,E07000096,East of England,Dacorum,,5.213344519
2012,E07000098,East of England,Hertsmere,,5.762732147
2012,E07000099,East of England,North Hertfordshire,,5.349226119
2012,E07000102,East of England,Three Rivers,,5.468609938
2012,E07000103,East of England,Watford,,5.794520269
2012,E07000105,South East,Ashford,,4.95855278
2012,E07000106,South East,Canterbury,,4.837526712
2012,E07000107,South East,Dartford,,6.000416291
2012,E07000108,South East,Dover,,4.67297496
2012,E07000109,South East,Gravesham,,5.518886802
2012,E07000110,South East,Maidstone,,5.123551397
2012,E07000111,South East,Sevenoaks,,5.21544328
2012,E07000112,South East,Shepway,,4.632251033
2012,E07000113,South East,Swale,,5.112659929
2012,E07000114,South East,Thanet,,4.722453615
2012,E07000115,South East,Tonbridge and Malling,,5.220800431
2012,E07000116,South East,Tunbridge Wells,,4.710738769
2012,E07000117,North West,Burnley,,4.181574688
2012,E07000118,North West,Chorley,,4.353718501
2012,E07000119,North West,Fylde,,3.486802618
2012,E07000120,North West,Hyndburn,,4.314865378
2012,E07000121,North West,Lancaster,,3.567637821
2012,E07000122,North West,Pendle,,3.973149498
2012,E07000123,North West,Preston,,4.222881721
2012,E07000124,North West,Ribble Valley,,3.630381724
2012,E07000125,North West,Rossendale,,4.059167888
2012,E07000126,North West,South Ribble,,4.229020435
2012,E07000127,North West,West Lancashire,,4.384923355
2012,E07000128,North West,Wyre,,3.330843501
2012,E07000129,East Midlands,Blaby,,5.370788084
2012,E07000130,East Midlands,Charnwood,,5.35391392
2012,E07000131,East Midlands,Harborough,,4.960823317
2012,E07000132,East Midlands,Hinckley and Bosworth,,5.143340816
2012,E07000133,East Midlands,Melton,,5.016738936
2012,E07000134,East Midlands,North West Leicestershire,,5.094025431
2012,E07000135,East Midlands,Oadby and Wigston,,5.277280617
2012,E07000136,East Midlands,Boston,,5.174730083
2012,E07000137,East Midlands,East Lindsey,,4.790382424
2012,E07000138,East Midlands,Lincoln,,5.217818137
2012,E07000139,East Midlands,North Kesteven,,5.333396179
2012,E07000140,East Midlands,South Holland,,5.099942419
2012,E07000141,East Midlands,South Kesteven,,5.166331156
2012,E07000142,East Midlands,West Lindsey,,5.134331062
2012,E07000143,East of England,Breckland,,4.775846182
2012,E07000144,East of England,Broadland,,4.837194011
2012,E07000145,East of England,Great Yarmouth,,4.6537541
2012,E07000146,East of England,Kings Lynn and West Norfolk,,4.878828097
2012,E07000147,East of England,North Norfolk,,4.575052619
2012,E07000148,East of England,Norwich,,5.037933977
2012,E07000149,East of England,South Norfolk,,4.868407425
2012,E07000150,East Midlands,Corby,,5.113323404
2012,E07000151,East Midlands,Daventry,,4.922715415
2012,E07000152,East Midlands,East Northamptonshire,,5.182686275
2012,E07000153,East Midlands,Kettering,,5.306915102
2012,E07000154,East Midlands,Northampton,,5.658893139
2012,E07000155,East Midlands,South Northamptonshire,,5.000576614
2012,E07000156,East Midlands,Wellingborough,,5.518721643
2012,E07000163,Yorkshire and the Humber,Craven,,3.41327262
2012,E07000164,Yorkshire and the Humber,Hambleton,,4.27382113
2012,E07000165,Yorkshire and the Humber,Harrogate,,4.053856892
2012,E07000166,Yorkshire and the Humber,Richmondshire,,3.639422018
2012,E07000167,Yorkshire and the Humber,Ryedale,,4.263613102
2012,E07000168,Yorkshire and the Humber,Scarborough,,4.06252205
2012,E07000169,Yorkshire and the Humber,Selby,,5.237808761
2012,E07000170,East Midlands,Ashfield,,5.175282618
2012,E07000171,East Midlands,Bassetlaw,,5.086725461
2012,E07000172,East Midlands,Broxtowe,,5.447345737
2012,E07000173,East Midlands,Gedling,,5.264750775
2012,E07000174,East Midlands,Mansfield,,5.091979284
2012,E07000175,East Midlands,Newark and Sherwood,,5.267621193
2012,E07000176,East Midlands,Rushcliffe,,5.295382485
2012,E07000177,South East,Cherwell,,5.154228763
2012,E07000178,South East,Oxford,,5.461393867
2012,E07000179,South East,South Oxfordshire,,5.082079733
2012,E07000180,South East,Vale of White Horse,,5.100329498
2012,E07000181,South East,West Oxfordshire,,4.825437815
2012,E07000187,South West,Mendip,,4.080185368
2012,E07000188,South West,Sedgemoor,,4.072304353
2012,E07000189,South West,South Somerset,,4.24838271
2012,E07000190,South West,Taunton Deane,,4.221319076
2012,E07000191,South West,West Somerset,,3.252966767
2012,E07000192,West Midlands,Cannock Chase,,4.846786434
2012,E07000193,West Midlands,East Staffordshire,,4.801699183
2012,E07000194,West Midlands,Lichfield,,4.963204554
2012,E07000195,West Midlands,Newcastle under Lyme,,4.615300755
2012,E07000196,West Midlands,South Staffordshire,,4.840410076
2012,E07000197,West Midlands,Stafford,,4.611132192
2012,E07000198,West Midlands,Staffordshire Moorlands,,4.212500818
2012,E07000199,West Midlands,Tamworth,,5.192741062
2012,E07000200,East of England,Babergh,,5.155057743
2012,E07000201,East of England,Forest Heath,,4.997421319
2012,E07000202,East of England,Ipswich,,5.203954759
2012,E07000203,East of England,Mid Suffolk,,5.157323586
2012,E07000204,East of England,St Edmundsbury,,5.204341415
2012,E07000205,East of England,Suffolk Coastal,,4.876666456
2012,E07000206,East of England,Waveney,,4.516150791
2012,E07000207,South East,Elmbridge,,5.460071779
2012,E07000208,South East,Epsom and Ewell,,5.349005511
2012,E07000209,South East,Guildford,,5.151189107
2012,E07000210,South East,Mole Valley,,5.050493819
2012,E07000211,South East,Reigate and Banstead,,5.183294012
2012,E07000212,South East,Runnymede,,5.710991761
2012,E07000213,South East,Spelthorne,,5.702365602
2012,E07000214,South East,Surrey Heath,,5.326224952
2012,E07000215,South East,Tandridge,,5.055362386
2012,E07000216,South East,Waverley,,4.666031455
2012,E07000217,South East,Woking,,5.076991294
2012,E07000218,West Midlands,North Warwickshire,,5.263149926
2012,E07000219,West Midlands,Nuneaton and Bedworth,,5.201855744
2012,E07000220,West Midlands,Rugby,,4.959051196
2012,E07000221,West Midlands,Stratford on Avon,,4.78550027
2012,E07000222,West Midlands,Warwick,,5.106467267
2012,E07000223,South East,Adur,,4.747433074
2012,E07000224,South East,Arun,,4.450587439
2012,E07000225,South East,Chichester,,4.7020211
2012,E07000226,South East,Crawley,,5.131788277
2012,E07000227,South East,Horsham,,4.757034545
2012,E07000228,South East,Mid Sussex,,4.786110553
2012,E07000229,South East,Worthing,,4.688859797
2012,E07000234,West Midlands,Bromsgrove,,5.005281683
2012,E07000235,West Midlands,Malvern Hills,,4.3285243
2012,E07000236,West Midlands,Redditch,,4.874837336
2012,E07000237,West Midlands,Worcester,,4.916842782
2012,E07000238,West Midlands,Wychavon,,4.754759139
2012,E07000239,West Midlands,Wyre Forest,,4.581891552
2012,E07000240,East of England,St Albans,,5.536502156
2012,E07000241,East of England,Welwyn Hatfield,,5.614630675
2012,E07000242,East of England,East Hertfordshire,,5.340125606
2012,E07000243,East of England,Stevenage,,5.466571867
2012,E08000001,North West,Bolton,,4.7
2012,E08000002,North West,Bury,,4.8
2012,E08000003,North West,Manchester,,5.1
2012,E08000004,North West,Oldham,,5
2012,E08000005,North West,Rochdale,,4.8
2012,E08000006,North West,Salford,,5.2
2012,E08000007,North West,Stockport,,4.8
2012,E08000008,North West,Tameside,,5
2012,E08000009,North West,Trafford,,4.8
2012,E08000010,North West,Wigan,,4.6
2012,E08000011,North West,Knowsley,,4.8
2012,E08000012,North West,Liverpool,,4.5
2012,E08000013,North West,St Helens,,4.8
2012,E08000014,North West,Sefton,,4
2012,E08000015,North West,Wirral,,3.9
2012,E08000016,Yorkshire and the Humber,Barnsley,,5
2012,E08000017,Yorkshire and the Humber,Doncaster,,5.3
2012,E08000018,Yorkshire and the Humber,Rotherham,,5.2
2012,E08000019,Yorkshire and the Humber,Sheffield,,4.7
2012,E08000021,North East,Newcastle upon Tyne,,4.2
2012,E08000022,North East,North Tyneside,,4.3
2012,E08000023,North East,South Tyneside,,4.4
2012,E08000024,North East,Sunderland,,4.4
2012,E08000025,West Midlands,Birmingham,,5.7
2012,E08000026,West Midlands,Coventry,,5.5
2012,E08000027,West Midlands,Dudley,,5.2
2012,E08000028,West Midlands,Sandwell,,6
2012,E08000029,West Midlands,Solihull,,5.4
2012,E08000030,West Midlands,Walsall,,5.8
2012,E08000031,West Midlands,Wolverhampton,,5.3
2012,E08000032,Yorkshire and the Humber,Bradford,,4.7
2012,E08000033,Yorkshire and the Humber,Calderdale,,4.4
2012,E08000034,Yorkshire and the Humber,Kirklees,,4.7
2012,E08000035,Yorkshire and the Humber,Leeds,,5
2012,E08000036,Yorkshire and the Humber,Wakefield,,5.4
2012,E08000037,North East,Gateshead,,4.2
2012,E09000001,London,City of London,,8.3
2012,E09000002,London,Barking and Dagenham,,6.5
2012,E09000003,London,Barnet,,6.4
2012,E09000004,London,Bexley,,6
2012,E09000005,London,Brent,,6.9
2012,E09000006,London,Bromley,,5.6
2012,E09000007,London,Camden,,7.3
2012,E09000008,London,Croydon,,5.9
2012,E09000009,London,Ealing,,6.8
2012,E09000010,London,Enfield,,6.3
2012,E09000011,London,Greenwich,,6.5
2012,E09000012,London,Hackney,,7.3
2012,E09000013,London,Hammersmith and Fulham,,7.2
2012,E09000014,London,Haringey,,6.7
2012,E09000015,London,Harrow,,6.1
2012,E09000016,London,Havering,,5.9
2012,E09000017,London,Hillingdon,,6.2
2012,E09000018,London,Hounslow,,6.5
2012,E09000019,London,Islington,,7.4
2012,E09000020,London,Kensington and Chelsea,,7.6
2012,E09000021,London,Kingston upon Thames,,6.1
2012,E09000022,London,Lambeth,,6.9
2012,E09000023,London,Lewisham,,6.5
2012,E09000024,London,Merton,,6.2
2012,E09000025,London,Newham,,6.9
2012,E09000026,London,Redbridge,,6.6
2012,E09000027,London,Richmond upon Thames,,6.1
2012,E09000028,London,Southwark,,7.1
2012,E09000029,London,Sutton,,5.8
2012,E09000030,London,Tower Hamlets,,7.4
2012,E09000031,London,Waltham Forest,,6.8
2012,E09000032,London,Wandsworth,,6.6
2012,E09000033,London,Westminster,,7.7
2013,E92000001,,,,5.325149221
2013,E12000001,North East,,,4.219220627
2013,E12000002,North West,,,4.57081001
2013,E12000003,Yorkshire and the Humber,,,5.088025118
2013,E12000004,East Midlands,,,5.636813988
2013,E12000005,West Midlands,,,5.354895572
2013,E12000006,East of England,,,5.553178667
2013,E12000007,London,,,6.719710912
2013,E12000008,South East,,,5.229774362
2013,E12000009,South West,,,4.531894876
2013,E06000001,North East,Hartlepool,,4.134446181
2013,E06000002,North East,Middlesbrough,,4.390672852
2013,E06000003,North East,Redcar and Cleveland,,4.183914035
2013,E06000004,North East,Stockton on Tees,,4.179994619
2013,E06000005,North East,Darlington,,4.012974745
2013,E06000006,North West,Halton,,4.799946283
2013,E06000007,North West,Warrington,,4.773737688
2013,E06000008,North West,Blackburn with Darwen,,4.463069093
2013,E06000009,North West,Blackpool,,3.848521136
2013,E06000010,Yorkshire and the Humber,Kingston upon Hull,,5.711041208
2013,E06000011,Yorkshire and the Humber,East Riding of Yorkshire,,5.220336525
2013,E06000012,Yorkshire and the Humber,North East Lincolnshire,,5.410160456
2013,E06000013,Yorkshire and the Humber,North Lincolnshire,,5.635362389
2013,E06000014,Yorkshire and the Humber,York,,4.608403074
2013,E06000015,East Midlands,Derby,,5.659629754
2013,E06000016,East Midlands,Leicester,,6.016967093
2013,E06000017,East Midlands,Rutland,,5.227372193
2013,E06000018,East Midlands,Nottingham,,5.970396152
2013,E06000019,West Midlands,Herefordshire,,4.593772338
2013,E06000020,West Midlands,Telford and Wrekin,,4.63110629
2013,E06000021,West Midlands,Stoke on Trent,,5.1540077
2013,E06000022,South West,Bath and North East Somerset,,4.776417687
2013,E06000023,South West,Bristol,,5.266809757
2013,E06000024,South West,North Somerset,,4.445737971
2013,E06000025,South West,South Gloucestershire,,5.292987497
2013,E06000026,South West,Plymouth,,4.231531614
2013,E06000027,South West,Torbay,,3.911356632
2013,E06000028,South West,Bournemouth,,4.727960761
2013,E06000029,South West,Poole,,4.736392961
2013,E06000030,South West,Swindon,,5.416570284
2013,E06000031,East of England,Peterborough,,5.58103233
2013,E06000032,East of England,Luton,,5.864317666
2013,E06000033,East of England,Southend on Sea,,5.591765518
2013,E06000034,East of England,Thurrock,,6.066662223
2013,E06000035,South East,Medway,,5.751622992
2013,E06000036,South East,Bracknell Forest,,5.094871527
2013,E06000037,South East,West Berkshire,,5.179421002
2013,E06000038,South East,Reading,,5.725445677
2013,E06000039,South East,Slough,,6.384423239
2013,E06000040,South East,Windsor and Maidenhead,,5.53028211
2013,E06000041,South East,Wokingham,,5.373776593
2013,E06000042,South East,Milton Keynes,,5.426842739
2013,E06000043,South East,Brighton and Hove,,5.060889013
2013,E06000044,South East,Portsmouth,,5.422726176
2013,E06000045,South East,Southampton,,5.600885843
2013,E06000046,South East,Isle of Wight,,4.427083878
2013,E06000047,North East,County Durham,,4.285807201
2013,E06000049,North West,Cheshire East,,4.594600657
2013,E06000050,North West,Cheshire West and Chester,,4.434946883
2013,E06000051,West Midlands,Shropshire,,4.209888672
2013,E06000052,South West,Cornwall,,3.700867915
2013,E06000053,South West,Isles of Scilly,,2.789060328
2013,E06000054,South West,Wiltshire,,4.809292861
2013,E06000055,East of England,Bedford,,5.41784338
2013,E06000056,East of England,Central Bedfordshire,,5.401038241
2013,E06000057,North East,Northumberland,,3.827279175
2013,E07000004,South East,Aylesbury Vale,,5.099206963
2013,E07000005,South East,Chiltern,,5.145982778
2013,E07000006,South East,South Bucks,,5.821880209
2013,E07000007,South East,Wycombe,,5.289036187
2013,E07000008,East of England,Cambridge,,5.554108723
2013,E07000009,East of England,East Cambridgeshire,,5.470961928
2013,E07000010,East of England,Fenland,,5.706019454
2013,E07000011,East of England,Huntingdonshire,,5.538599266
2013,E07000012,East of England,South Cambridgeshire,,5.476194481
2013,E07000026,North West,Allerdale,,3.278979612
2013,E07000027,North West,Barrow in Furness,,3.784534494
2013,E07000028,North West,Carlisle,,3.468563175
2013,E07000029,North West,Copeland,,3.386834271
2013,E07000030,North West,Eden,,3.512426502
2013,E07000031,North West,South Lakeland,,3.599879919
2013,E07000032,East Midlands,Amber Valley,,5.314087792
2013,E07000033,East Midlands,Bolsover,,6.234332103
2013,E07000034,East Midlands,Chesterfield,,5.363167511
2013,E07000035,East Midlands,Derbyshire Dales,,4.483964697
2013,E07000036,East Midlands,Erewash,,5.671332377
2013,E07000037,East Midlands,High Peak,,4.352765479
2013,E07000038,East Midlands,North East Derbyshire,,6.142093589
2013,E07000039,East Midlands,South Derbyshire,,5.394781712
2013,E07000040,South West,East Devon,,3.943467017
2013,E07000041,South West,Exeter,,4.174517219
2013,E07000042,South West,Mid Devon,,4.218450441
2013,E07000043,South West,North Devon,,3.65811196
2013,E07000044,South West,South Hams,,3.668216156
2013,E07000045,South West,Teignbridge,,3.96455461
2013,E07000046,South West,Torridge,,3.627304462
2013,E07000047,South West,West Devon,,3.571284489
2013,E07000048,South West,Christchurch,,4.422450417
2013,E07000049,South West,East Dorset,,4.547580746
2013,E07000050,South West,North Dorset,,4.639974915
2013,E07000051,South West,Purbeck,,4.184634252
2013,E07000052,South West,West Dorset,,4.251674465
2013,E07000053,South West,Weymouth and Portland,,3.983422065
2013,E07000061,South East,Eastbourne,,4.69835611
2013,E07000062,South East,Hastings,,4.996114886
2013,E07000063,South East,Lewes,,4.548098002
2013,E07000064,South East,Rother,,4.729259779
2013,E07000065,South East,Wealden,,4.683505903
2013,E07000066,East of England,Basildon,,5.832926213
2013,E07000067,East of England,Braintree,,5.660322388
2013,E07000068,East of England,Brentwood,,5.803588075
2013,E07000069,East of England,Castle Point,,5.586242287
2013,E07000070,East of England,Chelmsford,,5.74682308
2013,E07000071,East of England,Colchester,,5.581252398
2013,E07000072,East of England,Epping Forest,,5.861915125
2013,E07000073,East of England,Harlow,,5.784457936
2013,E07000074,East of England,Maldon,,5.533199528
2013,E07000075,East of England,Rochford,,5.553079608
2013,E07000076,East of England,Tendring,,5.202330788
2013,E07000077,East of England,Uttlesford,,5.536848926
2013,E07000078,South West,Cheltenham,,5.068987513
2013,E07000079,South West,Cotswold,,4.837559982
2013,E07000080,South West,Forest of Dean,,4.829469467
2013,E07000081,South West,Gloucester,,5.14423069
2013,E07000082,South West,Stroud,,4.793816426
2013,E07000083,South West,Tewkesbury,,5.050023546
2013,E07000084,South East,Basingstoke and Deane,,5.243799604
2013,E07000085,South East,East Hampshire,,4.840576421
2013,E07000086,South East,Eastleigh,,5.305783974
2013,E07000087,South East,Fareham,,5.20733518
2013,E07000088,South East,Gosport,,4.829541558
2013,E07000089,South East,Hart,,4.945399212
2013,E07000090,South East,Havant,,4.961919801
2013,E07000091,South East,New Forest,,4.624254212
2013,E07000092,South East,Rushmoor,,5.360195211
2013,E07000093,South East,Test Valley,,5.043201567
2013,E07000094,South East,Winchester,,4.962744925
2013,E07000095,East of England,Broxbourne,,5.69256269
2013,E07000096,East of England,Dacorum,,5.28295438
2013,E07000098,East of England,Hertsmere,,5.797374636
2013,E07000099,East of England,North Hertfordshire,,5.440348438
2013,E07000102,East of England,Three Rivers,,5.521474263
2013,E07000103,East of England,Watford,,5.777963235
2013,E07000105,South East,Ashford,,5.393927264
2013,E07000106,South East,Canterbury,,5.232110206
2013,E07000107,South East,Dartford,,6.175989784
2013,E07000108,South East,Dover,,5.251236558
2013,E07000109,South East,Gravesham,,5.774098045
2013,E07000110,South East,Maidstone,,5.491499415
2013,E07000111,South East,Sevenoaks,,5.446502783
2013,E07000112,South East,Shepway,,5.067034864
2013,E07000113,South East,Swale,,5.51672319
2013,E07000114,South East,Thanet,,5.189122566
2013,E07000115,South East,Tonbridge and Malling,,5.52265236
2013,E07000116,South East,Tunbridge Wells,,4.960745788
2013,E07000117,North West,Burnley,,4.40277798
2013,E07000118,North West,Chorley,,4.713115167
2013,E07000119,North West,Fylde,,3.815392612
2013,E07000120,North West,Hyndburn,,4.477747703
2013,E07000121,North West,Lancaster,,3.773147283
2013,E07000122,North West,Pendle,,4.303507475
2013,E07000123,North West,Preston,,4.396277165
2013,E07000124,North West,Ribble Valley,,4.087350381
2013,E07000125,North West,Rossendale,,4.231832951
2013,E07000126,North West,South Ribble,,4.452519363
2013,E07000127,North West,West Lancashire,,4.597018865
2013,E07000128,North West,Wyre,,3.761708254
2013,E07000129,East Midlands,Blaby,,5.626168408
2013,E07000130,East Midlands,Charnwood,,5.603394053
2013,E07000131,East Midlands,Harborough,,5.211461118
2013,E07000132,East Midlands,Hinckley and Bosworth,,5.484340165
2013,E07000133,East Midlands,Melton,,5.321701283
2013,E07000134,East Midlands,North West Leicestershire,,6.037079349
2013,E07000135,East Midlands,Oadby and Wigston,,5.402603687
2013,E07000136,East Midlands,Boston,,5.799806269
2013,E07000137,East Midlands,East Lindsey,,5.40193121
2013,E07000138,East Midlands,Lincoln,,5.558395664
2013,E07000139,East Midlands,North Kesteven,,5.854915592
2013,E07000140,East Midlands,South Holland,,5.681230925
2013,E07000141,East Midlands,South Kesteven,,5.56746969
2013,E07000142,East Midlands,West Lindsey,,5.645929961
2013,E07000143,East of England,Breckland,,5.357173184
2013,E07000144,East of England,Broadland,,5.374509921
2013,E07000145,East of England,Great Yarmouth,,5.247371844
2013,E07000146,East of England,Kings Lynn and West Norfolk,,5.375739473
2013,E07000147,East of England,North Norfolk,,5.251722397
2013,E07000148,East of England,Norwich,,5.475219596
2013,E07000149,East of England,South Norfolk,,5.4185929
2013,E07000150,East Midlands,Corby,,5.206236004
2013,E07000151,East Midlands,Daventry,,5.13128524
2013,E07000152,East Midlands,East Northamptonshire,,5.477158341
2013,E07000153,East Midlands,Kettering,,5.527827005
2013,E07000154,East Midlands,Northampton,,5.774652577
2013,E07000155,East Midlands,South Northamptonshire,,5.221684056
2013,E07000156,East Midlands,Wellingborough,,5.771907333
2013,E07000163,Yorkshire and the Humber,Craven,,3.618150711
2013,E07000164,Yorkshire and the Humber,Hambleton,,4.3412783
2013,E07000165,Yorkshire and the Humber,Harrogate,,4.075669234
2013,E07000166,Yorkshire and the Humber,Richmondshire,,3.711096672
2013,E07000167,Yorkshire and the Humber,Ryedale,,4.470806677
2013,E07000168,Yorkshire and the Humber,Scarborough,,4.379117794
2013,E07000169,Yorkshire and the Humber,Selby,,5.701958999
2013,E07000170,East Midlands,Ashfield,,5.827175648
2013,E07000171,East Midlands,Bassetlaw,,5.87444277
2013,E07000172,East Midlands,Broxtowe,,5.737293927
2013,E07000173,East Midlands,Gedling,,5.577824791
2013,E07000174,East Midlands,Mansfield,,5.939730655
2013,E07000175,East Midlands,Newark and Sherwood,,6.041902803
2013,E07000176,East Midlands,Rushcliffe,,5.58524103
2013,E07000177,South East,Cherwell,,5.261488328
2013,E07000178,South East,Oxford,,5.623242863
2013,E07000179,South East,South Oxfordshire,,5.252622296
2013,E07000180,South East,Vale of White Horse,,5.302776764
2013,E07000181,South East,West Oxfordshire,,5.02820034
2013,E07000187,South West,Mendip,,4.504688799
2013,E07000188,South West,Sedgemoor,,4.456416496
2013,E07000189,South West,South Somerset,,4.609803771
2013,E07000190,South West,Taunton Deane,,4.530698862
2013,E07000191,South West,West Somerset,,3.71839585
2013,E07000192,West Midlands,Cannock Chase,,5.127686511
2013,E07000193,West Midlands,East Staffordshire,,5.149453695
2013,E07000194,West Midlands,Lichfield,,5.142141407
2013,E07000195,West Midlands,Newcastle under Lyme,,4.873396187
2013,E07000196,West Midlands,South Staffordshire,,5.093201447
2013,E07000197,West Midlands,Stafford,,4.939167939
2013,E07000198,West Midlands,Staffordshire Moorlands,,4.69570168
2013,E07000199,West Midlands,Tamworth,,5.490766994
2013,E07000200,East of England,Babergh,,5.596424805
2013,E07000201,East of England,Forest Heath,,5.344091331
2013,E07000202,East of England,Ipswich,,5.597612969
2013,E07000203,East of England,Mid Suffolk,,5.621439098
2013,E07000204,East of England,St Edmundsbury,,5.526225097
2013,E07000205,East of England,Suffolk Coastal,,5.360305502
2013,E07000206,East of England,Waveney,,5.175415226
2013,E07000207,South East,Elmbridge,,5.548357642
2013,E07000208,South East,Epsom and Ewell,,5.482296926
2013,E07000209,South East,Guildford,,5.264883257
2013,E07000210,South East,Mole Valley,,5.162805596
2013,E07000211,South East,Reigate and Banstead,,5.268112468
2013,E07000212,South East,Runnymede,,5.788289764
2013,E07000213,South East,Spelthorne,,5.820733282
2013,E07000214,South East,Surrey Heath,,5.394902988
2013,E07000215,South East,Tandridge,,5.192608478
2013,E07000216,South East,Waverley,,4.79878691
2013,E07000217,South East,Woking,,5.196287606
2013,E07000218,West Midlands,North Warwickshire,,5.810948163
2013,E07000219,West Midlands,Nuneaton and Bedworth,,5.53216468
2013,E07000220,West Midlands,Rugby,,5.166231691
2013,E07000221,West Midlands,Stratford on Avon,,5.005342571
2013,E07000222,West Midlands,Warwick,,5.302407064
2013,E07000223,South East,Adur,,4.795386373
2013,E07000224,South East,Arun,,4.576036788
2013,E07000225,South East,Chichester,,4.761163435
2013,E07000226,South East,Crawley,,5.183073017
2013,E07000227,South East,Horsham,,4.845854958
2013,E07000228,South East,Mid Sussex,,4.89254506
2013,E07000229,South East,Worthing,,4.742543167
2013,E07000234,West Midlands,Bromsgrove,,5.227062944
2013,E07000235,West Midlands,Malvern Hills,,4.67514123
2013,E07000236,West Midlands,Redditch,,4.961986254
2013,E07000237,West Midlands,Worcester,,5.096845723
2013,E07000238,West Midlands,Wychavon,,5.059229399
2013,E07000239,West Midlands,Wyre Forest,,4.854637085
2013,E07000240,East of England,St Albans,,5.58726554
2013,E07000241,East of England,Welwyn Hatfield,,5.698766557
2013,E07000242,East of England,East Hertfordshire,,5.513183128
2013,E07000243,East of England,Stevenage,,5.492088653
2013,E08000001,North West,Bolton,,4.873784191
2013,E08000002,North West,Bury,,4.862536981
2013,E08000003,North West,Manchester,,5.206655791
2013,E08000004,North West,Oldham,,4.980646678
2013,E08000005,North West,Rochdale,,4.843964255
2013,E08000006,North West,Salford,,5.276182252
2013,E08000007,North West,Stockport,,4.868296561
2013,E08000008,North West,Tameside,,5.03810551
2013,E08000009,North West,Trafford,,4.907096733
2013,E08000010,North West,Wigan,,4.927922919
2013,E08000011,North West,Knowsley,,4.821966133
2013,E08000012,North West,Liverpool,,4.628827875
2013,E08000013,North West,St Helens,,4.930792465
2013,E08000014,North West,Sefton,,4.105422616
2013,E08000015,North West,Wirral,,4.072796236
2013,E08000016,Yorkshire and the Humber,Barnsley,,5.588541839
2013,E08000017,Yorkshire and the Humber,Doncaster,,5.706651308
2013,E08000018,Yorkshire and the Humber,Rotherham,,5.573131573
2013,E08000019,Yorkshire and the Humber,Sheffield,,4.988807385
2013,E08000021,North East,Newcastle upon Tyne,,4.255987051
2013,E08000022,North East,North Tyneside,,4.211909184
2013,E08000023,North East,South Tyneside,,4.422305617
2013,E08000024,North East,Sunderland,,4.467271959
2013,E08000025,West Midlands,Birmingham,,5.878391594
2013,E08000026,West Midlands,Coventry,,5.698975361
2013,E08000027,West Midlands,Dudley,,5.424919494
2013,E08000028,West Midlands,Sandwell,,6.12168107
2013,E08000029,West Midlands,Solihull,,5.614575677
2013,E08000030,West Midlands,Walsall,,5.873197759
2013,E08000031,West Midlands,Wolverhampton,,5.463911292
2013,E08000032,Yorkshire and the Humber,Bradford,,4.664320497
2013,E08000033,Yorkshire and the Humber,Calderdale,,4.512233838
2013,E08000034,Yorkshire and the Humber,Kirklees,,4.845461296
2013,E08000035,Yorkshire and the Humber,Leeds,,5.036500832
2013,E08000036,Yorkshire and the Humber,Wakefield,,5.979912697
2013,E08000037,North East,Gateshead,,4.227664371
2013,E09000001,London,City of London,,8.376684827
2013,E09000002,London,Barking and Dagenham,,6.620865827
2013,E09000003,London,Barnet,,6.512541475
2013,E09000004,London,Bexley,,6.12318536
2013,E09000005,London,Brent,,6.939707386
2013,E09000006,London,Bromley,,5.798757875
2013,E09000007,London,Camden,,7.351636673
2013,E09000008,London,Croydon,,6.057362467
2013,E09000009,London,Ealing,,6.954330777
2013,E09000010,London,Enfield,,6.37638786
2013,E09000011,London,Greenwich,,6.577152682
2013,E09000012,London,Hackney,,7.346092229
2013,E09000013,London,Hammersmith and Fulham,,7.300439174
2013,E09000014,London,Haringey,,6.793634849
2013,E09000015,London,Harrow,,6.11251806
2013,E09000016,London,Havering,,6.027026497
2013,E09000017,London,Hillingdon,,6.318941819
2013,E09000018,London,Hounslow,,6.665700608
2013,E09000019,London,Islington,,7.517853552
2013,E09000020,London,Kensington and Chelsea,,7.768052157
2013,E09000021,London,Kingston upon Thames,,6.217038142
2013,E09000022,London,Lambeth,,7.054783424
2013,E09000023,London,Lewisham,,6.583831799
2013,E09000024,London,Merton,,6.381319362
2013,E09000025,London,Newham,,7.032917202
2013,E09000026,London,Redbridge,,6.679507907
2013,E09000027,London,Richmond upon Thames,,6.309896328
2013,E09000028,London,Southwark,,7.22505218
2013,E09000029,London,Sutton,,5.951162887
2013,E09000030,London,Tower Hamlets,,7.479185978
2013,E09000031,London,Waltham Forest,,6.877978625
2013,E09000032,London,Wandsworth,,6.779469638
2013,E09000033,London,Westminster,,7.858655183
2014,E92000001,,,,5.141273623
2014,E12000001,North East,,,4.285193711
2014,E12000002,North West,,,4.448404931
2014,E12000003,Yorkshire and the Humber,,,4.942352863
2014,E12000004,East Midlands,,,5.511658052
2014,E12000005,West Midlands,,,5.22500862
2014,E12000006,East of England,,,5.382857331
2014,E12000007,London,,,6.470445294
2014,E12000008,South East,,,4.924266617
2014,E12000009,South West,,,4.284780998
2014,E06000001,North East,Hartlepool,,4.202716066
2014,E06000002,North East,Middlesbrough,,4.539181895
2014,E06000003,North East,Redcar and Cleveland,,4.249805431
2014,E06000004,North East,Stockton on Tees,,4.323729962
2014,E06000005,North East,Darlington,,4.115686621
2014,E06000006,North West,Halton,,4.626032576
2014,E06000007,North West,Warrington,,4.638713576
2014,E06000008,North West,Blackburn with Darwen,,4.324359929
2014,E06000009,North West,Blackpool,,3.792114008
2014,E06000010,Yorkshire and the Humber,Kingston upon Hull,,5.659162499
2014,E06000011,Yorkshire and the Humber,East Riding of Yorkshire,,5.209207616
2014,E06000012,Yorkshire and the Humber,North East Lincolnshire,,5.393409079
2014,E06000013,Yorkshire and the Humber,North Lincolnshire,,5.653670699
2014,E06000014,Yorkshire and the Humber,York,,4.615984381
2014,E06000015,East Midlands,Derby,,5.588800397
2014,E06000016,East Midlands,Leicester,,5.910239387
2014,E06000017,East Midlands,Rutland,,5.134507949
2014,E06000018,East Midlands,Nottingham,,5.921477857
2014,E06000019,West Midlands,Herefordshire,,4.467489056
2014,E06000020,West Midlands,Telford and Wrekin,,4.493698462
2014,E06000021,West Midlands,Stoke on Trent,,4.951679922
2014,E06000022,South West,Bath and North East Somerset,,4.531232898
2014,E06000023,South West,Bristol,,5.10376338
2014,E06000024,South West,North Somerset,,4.246178844
2014,E06000025,South West,South Gloucestershire,,5.07537068
2014,E06000026,South West,Plymouth,,4.008052727
2014,E06000027,South West,Torbay,,3.625131227
2014,E06000028,South West,Bournemouth,,4.404889118
2014,E06000029,South West,Poole,,4.401764172
2014,E06000030,South West,Swindon,,5.172923271
2014,E06000031,East of England,Peterborough,,5.519316216
2014,E06000032,East of England,Luton,,5.610406786
2014,E06000033,East of England,Southend on Sea,,5.39095593
2014,E06000034,East of England,Thurrock,,5.833815105
2014,E06000035,South East,Medway,,5.557218013
2014,E06000036,South East,Bracknell Forest,,4.747738338
2014,E06000037,South East,West Berkshire,,4.879859016
2014,E06000038,South East,Reading,,5.504704056
2014,E06000039,South East,Slough,,6.185567519
2014,E06000040,South East,Windsor and Maidenhead,,5.231751274
2014,E06000041,South East,Wokingham,,5.055782841
2014,E06000042,South East,Milton Keynes,,5.198502748
2014,E06000043,South East,Brighton and Hove,,4.63558516
2014,E06000044,South East,Portsmouth,,5.102342288
2014,E06000045,South East,Southampton,,5.321110984
2014,E06000046,South East,Isle of Wight,,4.036574553
2014,E06000047,North East,County Durham,,4.273893642
2014,E06000049,North West,Cheshire East,,4.428893763
2014,E06000050,North West,Cheshire West and Chester,,4.288417277
2014,E06000051,West Midlands,Shropshire,,4.071046684
2014,E06000052,South West,Cornwall,,3.436806062
2014,E06000053,South West,Isles of Scilly,,2.57228124
2014,E06000054,South West,Wiltshire,,4.523850696
2014,E06000055,East of England,Bedford,,5.209307036
2014,E06000056,East of England,Central Bedfordshire,,5.158633329
2014,E06000057,North East,Northumberland,,3.808762175
2014,E07000004,South East,Aylesbury Vale,,4.832763427
2014,E07000005,South East,Chiltern,,4.801089
2014,E07000006,South East,South Bucks,,5.549144653
2014,E07000007,South East,Wycombe,,4.974932658
2014,E07000008,East of England,Cambridge,,5.383485838
2014,E07000009,East of England,East Cambridgeshire,,5.341730669
2014,E07000010,East of England,Fenland,,5.547124829
2014,E07000011,East of England,Huntingdonshire,,5.36939856
2014,E07000012,East of England,South Cambridgeshire,,5.28545448
2014,E07000026,North West,Allerdale,,3.15887323
2014,E07000027,North West,Barrow in Furness,,3.682253616
2014,E07000028,North West,Carlisle,,3.479823331
2014,E07000029,North West,Copeland,,3.271540032
2014,E07000030,North West,Eden,,3.630488416
2014,E07000031,North West,South Lakeland,,3.552959854
2014,E07000032,East Midlands,Amber Valley,,5.107501248
2014,E07000033,East Midlands,Bolsover,,5.985884016
2014,E07000034,East Midlands,Chesterfield,,5.130577666
2014,E07000035,East Midlands,Derbyshire Dales,,4.368592227
2014,E07000036,East Midlands,Erewash,,5.580223579
2014,E07000037,East Midlands,High Peak,,4.179078949
2014,E07000038,East Midlands,North East Derbyshire,,5.992824512
2014,E07000039,East Midlands,South Derbyshire,,5.237990976
2014,E07000040,South West,East Devon,,3.670046025
2014,E07000041,South West,Exeter,,3.912873944
2014,E07000042,South West,Mid Devon,,4.03754191
2014,E07000043,South West,North Devon,,3.424775573
2014,E07000044,South West,South Hams,,3.381232713
2014,E07000045,South West,Teignbridge,,3.689246325
2014,E07000046,South West,Torridge,,3.378164385
2014,E07000047,South West,West Devon,,3.276189836
2014,E07000048,South West,Christchurch,,4.042630156
2014,E07000049,South West,East Dorset,,4.20847652
2014,E07000050,South West,North Dorset,,4.348317914
2014,E07000051,South West,Purbeck,,3.846268847
2014,E07000052,South West,West Dorset,,3.92443496
2014,E07000053,South West,Weymouth and Portland,,3.625400778
2014,E07000061,South East,Eastbourne,,4.258185112
2014,E07000062,South East,Hastings,,4.628122112
2014,E07000063,South East,Lewes,,4.093117773
2014,E07000064,South East,Rother,,4.378844779
2014,E07000065,South East,Wealden,,4.312674193
2014,E07000066,East of England,Basildon,,5.629033375
2014,E07000067,East of England,Braintree,,5.483822475
2014,E07000068,East of England,Brentwood,,5.565197138
2014,E07000069,East of England,Castle Point,,5.407332939
2014,E07000070,East of England,Chelmsford,,5.64431906
2014,E07000071,East of England,Colchester,,5.487473781
2014,E07000072,East of England,Epping Forest,,5.606639225
2014,E07000073,East of England,Harlow,,5.515660635
2014,E07000074,East of England,Maldon,,5.377707827
2014,E07000075,East of England,Rochford,,5.371923949
2014,E07000076,East of England,Tendring,,5.090723923
2014,E07000077,East of England,Uttlesford,,5.313900205
2014,E07000078,South West,Cheltenham,,4.906897258
2014,E07000079,South West,Cotswold,,4.590948214
2014,E07000080,South West,Forest of Dean,,4.679223682
2014,E07000081,South West,Gloucester,,4.949885476
2014,E07000082,South West,Stroud,,4.532211956
2014,E07000083,South West,Tewkesbury,,4.854282268
2014,E07000084,South East,Basingstoke and Deane,,4.921136488
2014,E07000085,South East,East Hampshire,,4.495184318
2014,E07000086,South East,Eastleigh,,4.947808528
2014,E07000087,South East,Fareham,,4.86935531
2014,E07000088,South East,Gosport,,4.469921618
2014,E07000089,South East,Hart,,4.611904779
2014,E07000090,South East,Havant,,4.56009978
2014,E07000091,South East,New Forest,,4.295115031
2014,E07000092,South East,Rushmoor,,5.014846094
2014,E07000093,South East,Test Valley,,4.744979826
2014,E07000094,South East,Winchester,,4.615778738
2014,E07000095,East of England,Broxbourne,,5.449246488
2014,E07000096,East of England,Dacorum,,4.983509095
2014,E07000098,East of England,Hertsmere,,5.509323593
2014,E07000099,East of England,North Hertfordshire,,5.182454228
2014,E07000102,East of England,Three Rivers,,5.20975995
2014,E07000103,East of England,Watford,,5.512203118
2014,E07000105,South East,Ashford,,5.199160099
2014,E07000106,South East,Canterbury,,5.103282312
2014,E07000107,South East,Dartford,,5.923056617
2014,E07000108,South East,Dover,,5.086913497
2014,E07000109,South East,Gravesham,,5.569026879
2014,E07000110,South East,Maidstone,,5.312515364
2014,E07000111,South East,Sevenoaks,,5.15698095
2014,E07000112,South East,Shepway,,4.836694957
2014,E07000113,South East,Swale,,5.32078549
2014,E07000114,South East,Thanet,,5.006682088
2014,E07000115,South East,Tonbridge and Malling,,5.28457145
2014,E07000116,South East,Tunbridge Wells,,4.653276307
2014,E07000117,North West,Burnley,,4.230130942
2014,E07000118,North West,Chorley,,4.562474374
2014,E07000119,North West,Fylde,,3.721156041
2014,E07000120,North West,Hyndburn,,4.306144948
2014,E07000121,North West,Lancaster,,3.720662354
2014,E07000122,North West,Pendle,,4.13957956
2014,E07000123,North West,Preston,,4.377970012
2014,E07000124,North West,Ribble Valley,,3.932792737
2014,E07000125,North West,Rossendale,,4.217959304
2014,E07000126,North West,South Ribble,,4.370536953
2014,E07000127,North West,West Lancashire,,4.474369095
2014,E07000128,North West,Wyre,,3.664359846
2014,E07000129,East Midlands,Blaby,,5.514339306
2014,E07000130,East Midlands,Charnwood,,5.497044708
2014,E07000131,East Midlands,Harborough,,5.067477394
2014,E07000132,East Midlands,Hinckley and Bosworth,,5.384880667
2014,E07000133,East Midlands,Melton,,5.22838829
2014,E07000134,East Midlands,North West Leicestershire,,5.908243733
2014,E07000135,East Midlands,Oadby and Wigston,,5.257535704
2014,E07000136,East Midlands,Boston,,5.704497491
2014,E07000137,East Midlands,East Lindsey,,5.363476316
2014,E07000138,East Midlands,Lincoln,,5.534872874
2014,E07000139,East Midlands,North Kesteven,,5.838435013
2014,E07000140,East Midlands,South Holland,,5.568047449
2014,E07000141,East Midlands,South Kesteven,,5.492837584
2014,E07000142,East Midlands,West Lindsey,,5.598256551
2014,E07000143,East of England,Breckland,,5.275591669
2014,E07000144,East of England,Broadland,,5.315897431
2014,E07000145,East of England,Great Yarmouth,,5.209351223
2014,E07000146,East of England,Kings Lynn and West Norfolk,,5.281497337
2014,E07000147,East of England,North Norfolk,,5.247984688
2014,E07000148,East of England,Norwich,,5.402096573
2014,E07000149,East of England,South Norfolk,,5.415589272
2014,E07000150,East Midlands,Corby,,4.99928683
2014,E07000151,East Midlands,Daventry,,4.928981005
2014,E07000152,East Midlands,East Northamptonshire,,5.267367275
2014,E07000153,East Midlands,Kettering,,5.363597632
2014,E07000154,East Midlands,Northampton,,5.621433598
2014,E07000155,East Midlands,South Northamptonshire,,5.039544164
2014,E07000156,East Midlands,Wellingborough,,5.538092881
2014,E07000163,Yorkshire and the Humber,Craven,,3.596183777
2014,E07000164,Yorkshire and the Humber,Hambleton,,4.435882382
2014,E07000165,Yorkshire and the Humber,Harrogate,,4.086338817
2014,E07000166,Yorkshire and the Humber,Richmondshire,,3.79472073
2014,E07000167,Yorkshire and the Humber,Ryedale,,4.528367982
2014,E07000168,Yorkshire and the Humber,Scarborough,,4.539854943
2014,E07000169,Yorkshire and the Humber,Selby,,5.562886013
2014,E07000170,East Midlands,Ashfield,,5.566935948
2014,E07000171,East Midlands,Bassetlaw,,5.732053855
2014,E07000172,East Midlands,Broxtowe,,5.625656994
2014,E07000173,East Midlands,Gedling,,5.462782039
2014,E07000174,East Midlands,Mansfield,,5.674481777
2014,E07000175,East Midlands,Newark and Sherwood,,5.977135083
2014,E07000176,East Midlands,Rushcliffe,,5.477609975
2014,E07000177,South East,Cherwell,,5.097763683
2014,E07000178,South East,Oxford,,5.376213646
2014,E07000179,South East,South Oxfordshire,,4.983481413
2014,E07000180,South East,Vale of White Horse,,5.045879515
2014,E07000181,South East,West Oxfordshire,,4.820640648
2014,E07000187,South West,Mendip,,4.253638306
2014,E07000188,South West,Sedgemoor,,4.294908696
2014,E07000189,South West,South Somerset,,4.369244189
2014,E07000190,South West,Taunton Deane,,4.346846494
2014,E07000191,South West,West Somerset,,3.462251964
2014,E07000192,West Midlands,Cannock Chase,,5.120046361
2014,E07000193,West Midlands,East Staffordshire,,5.059821331
2014,E07000194,West Midlands,Lichfield,,5.018598533
2014,E07000195,West Midlands,Newcastle under Lyme,,4.732407327
2014,E07000196,West Midlands,South Staffordshire,,4.989233671
2014,E07000197,West Midlands,Stafford,,4.786304733
2014,E07000198,West Midlands,Staffordshire Moorlands,,4.528673948
2014,E07000199,West Midlands,Tamworth,,5.40518882
2014,E07000200,East of England,Babergh,,5.442050978
2014,E07000201,East of England,Forest Heath,,5.237206895
2014,E07000202,East of England,Ipswich,,5.485232347
2014,E07000203,East of England,Mid Suffolk,,5.575343411
2014,E07000204,East of England,St Edmundsbury,,5.369541925
2014,E07000205,East of England,Suffolk Coastal,,5.275619266
2014,E07000206,East of England,Waveney,,5.125038511
2014,E07000207,South East,Elmbridge,,5.189338022
2014,E07000208,South East,Epsom and Ewell,,5.158528329
2014,E07000209,South East,Guildford,,4.876738511
2014,E07000210,South East,Mole Valley,,4.876256293
2014,E07000211,South East,Reigate and Banstead,,4.931767426
2014,E07000212,South East,Runnymede,,5.403612393
2014,E07000213,South East,Spelthorne,,5.500095307
2014,E07000214,South East,Surrey Heath,,5.083882745
2014,E07000215,South East,Tandridge,,4.841119813
2014,E07000216,South East,Waverley,,4.409785218
2014,E07000217,South East,Woking,,4.815421722
2014,E07000218,West Midlands,North Warwickshire,,5.610214286
2014,E07000219,West Midlands,Nuneaton and Bedworth,,5.388855543
2014,E07000220,West Midlands,Rugby,,5.002680085
2014,E07000221,West Midlands,Stratford on Avon,,4.834122013
2014,E07000222,West Midlands,Warwick,,5.165032572
2014,E07000223,South East,Adur,,4.376443329
2014,E07000224,South East,Arun,,4.136295123
2014,E07000225,South East,Chichester,,4.383224067
2014,E07000226,South East,Crawley,,4.855479772
2014,E07000227,South East,Horsham,,4.456667021
2014,E07000228,South East,Mid Sussex,,4.488417086
2014,E07000229,South East,Worthing,,4.308191309
2014,E07000234,West Midlands,Bromsgrove,,5.094445715
2014,E07000235,West Midlands,Malvern Hills,,4.522565567
2014,E07000236,West Midlands,Redditch,,4.812243638
2014,E07000237,West Midlands,Worcester,,4.958292496
2014,E07000238,West Midlands,Wychavon,,4.923214019
2014,E07000239,West Midlands,Wyre Forest,,4.701127078
2014,E07000240,East of England,St Albans,,5.297137299
2014,E07000241,East of England,Welwyn Hatfield,,5.420582406
2014,E07000242,East of England,East Hertfordshire,,5.257679237
2014,E07000243,East of England,Stevenage,,5.272125367
2014,E08000001,North West,Bolton,,4.792346311
2014,E08000002,North West,Bury,,4.751329279
2014,E08000003,North West,Manchester,,5.111432487
2014,E08000004,North West,Oldham,,4.85491983
2014,E08000005,North West,Rochdale,,4.737641907
2014,E08000006,North West,Salford,,5.173724461
2014,E08000007,North West,Stockport,,4.729537345
2014,E08000008,North West,Tameside,,4.846520299
2014,E08000009,North West,Trafford,,4.804167611
2014,E08000010,North West,Wigan,,4.657026364
2014,E08000011,North West,Knowsley,,4.689848346
2014,E08000012,North West,Liverpool,,4.519299816
2014,E08000013,North West,St Helens,,4.669819894
2014,E08000014,North West,Sefton,,4.014898738
2014,E08000015,North West,Wirral,,3.964549014
2014,E08000016,Yorkshire and the Humber,Barnsley,,5.182537102
2014,E08000017,Yorkshire and the Humber,Doncaster,,5.500783605
2014,E08000018,Yorkshire and the Humber,Rotherham,,5.316118116
2014,E08000019,Yorkshire and the Humber,Sheffield,,4.851271808
2014,E08000021,North East,Newcastle upon Tyne,,4.396661545
2014,E08000022,North East,North Tyneside,,4.335793397
2014,E08000023,North East,South Tyneside,,4.514776537
2014,E08000024,North East,Sunderland,,4.509685507
2014,E08000025,West Midlands,Birmingham,,5.742237124
2014,E08000026,West Midlands,Coventry,,5.548297102
2014,E08000027,West Midlands,Dudley,,5.330097482
2014,E08000028,West Midlands,Sandwell,,6.036734416
2014,E08000029,West Midlands,Solihull,,5.468301476
2014,E08000030,West Midlands,Walsall,,5.782031397
2014,E08000031,West Midlands,Wolverhampton,,5.380591363
2014,E08000032,Yorkshire and the Humber,Bradford,,4.611048819
2014,E08000033,Yorkshire and the Humber,Calderdale,,4.370091174
2014,E08000034,Yorkshire and the Humber,Kirklees,,4.607241369
2014,E08000035,Yorkshire and the Humber,Leeds,,4.947675602
2014,E08000036,Yorkshire and the Humber,Wakefield,,5.202971542
2014,E08000037,North East,Gateshead,,4.328223267
2014,E09000001,London,City of London,,8.268654829
2014,E09000002,London,Barking and Dagenham,,6.33855285
2014,E09000003,London,Barnet,,6.264617538
2014,E09000004,London,Bexley,,5.818604021
2014,E09000005,London,Brent,,6.699206554
2014,E09000006,London,Bromley,,5.478105668
2014,E09000007,London,Camden,,7.210044202
2014,E09000008,London,Croydon,,5.712667452
2014,E09000009,London,Ealing,,6.706969604
2014,E09000010,London,Enfield,,6.13755968
2014,E09000011,London,Greenwich,,6.282885674
2014,E09000012,London,Hackney,,7.1794747
2014,E09000013,London,Hammersmith and Fulham,,7.132586953
2014,E09000014,London,Haringey,,6.602952008
2014,E09000015,London,Harrow,,5.80892845
2014,E09000016,London,Havering,,5.736502991
2014,E09000017,London,Hillingdon,,6.03938982
2014,E09000018,London,Hounslow,,6.346618762
2014,E09000019,London,Islington,,7.396314837
2014,E09000020,London,Kensington and Chelsea,,7.657179182
2014,E09000021,London,Kingston upon Thames,,5.911741582
2014,E09000022,London,Lambeth,,6.814835191
2014,E09000023,London,Lewisham,,6.312975278
2014,E09000024,London,Merton,,6.064401684
2014,E09000025,London,Newham,,6.803714301
2014,E09000026,London,Redbridge,,6.411857252
2014,E09000027,London,Richmond upon Thames,,5.979129276
2014,E09000028,London,Southwark,,6.981516478
2014,E09000029,London,Sutton,,5.613486723
2014,E09000030,London,Tower Hamlets,,7.30144925
2014,E09000031,London,Waltham Forest,,6.673357685
2014,E09000032,London,Wandsworth,,6.51422471
2014,E09000033,London,Westminster,,7.765870183
2015,E92000001,,,,4.721398783
2015,E12000001,North East,,,3.512493968
2015,E12000002,North West,,,4.117228641
2015,E12000003,Yorkshire and the Humber,,,4.274663383
2015,E12000004,East Midlands,,,5.122705557
2015,E12000005,West Midlands,,,4.799025443
2015,E12000006,East of England,,,5.143506631
2015,E12000007,London,,,5.627631147
2015,E12000008,South East,,,4.704664248
2015,E12000009,South West,,,4.283180322
2015,E06000001,North East,Hartlepool,,3.4978301
2015,E06000002,North East,Middlesbrough,,3.668698885
2015,E06000003,North East,Redcar and Cleveland,,3.468551926
2015,E06000004,North East,Stockton on Tees,,3.531337815
2015,E06000005,North East,Darlington,,3.451760491
2015,E06000006,North West,Halton,,4.01370184
2015,E06000007,North West,Warrington,,3.995136822
2015,E06000008,North West,Blackburn with Darwen,,3.738528838
2015,E06000009,North West,Blackpool,,5.484180452
2015,E06000010,Yorkshire and the Humber,Kingston upon Hull,,4.771163042
2015,E06000011,Yorkshire and the Humber,East Riding of Yorkshire,,4.802192874
2015,E06000012,Yorkshire and the Humber,North East Lincolnshire,,5.68646283
2015,E06000013,Yorkshire and the Humber,North Lincolnshire,,4.825559821
2015,E06000014,Yorkshire and the Humber,York,,3.920208212
2015,E06000015,East Midlands,Derby,,5.101042827
2015,E06000016,East Midlands,Leicester,,5.436948777
2015,E06000017,East Midlands,Rutland,,4.922587994
2015,E06000018,East Midlands,Nottingham,,5.316222941
2015,E06000019,West Midlands,Herefordshire,,4.347286807
2015,E06000020,West Midlands,Telford and Wrekin,,4.026039242
2015,E06000021,West Midlands,Stoke on Trent,,4.361632124
2015,E06000022,South West,Bath and North East Somerset,,4.066770487
2015,E06000023,South West,Bristol,,4.35266516
2015,E06000024,South West,North Somerset,,4.005323135
2015,E06000025,South West,South Gloucestershire,,4.680095693
2015,E06000026,South West,Plymouth,,5.387405642
2015,E06000027,South West,Torbay,,4.438271203
2015,E06000028,South West,Bournemouth,,4.810219149
2015,E06000029,South West,Poole,,4.455113758
2015,E06000030,South West,Swindon,,5.0939646
2015,E06000031,East of England,Peterborough,,4.842029157
2015,E06000032,East of England,Luton,,4.987506369
2015,E06000033,East of England,Southend on Sea,,5.802622055
2015,E06000034,East of England,Thurrock,,5.649657469
2015,E06000035,South East,Medway,,5.498999525
2015,E06000036,South East,Bracknell Forest,,4.160356046
2015,E06000037,South East,West Berkshire,,4.476083461
2015,E06000038,South East,Reading,,4.538948274
2015,E06000039,South East,Slough,,4.994044484
2015,E06000040,South East,Windsor and Maidenhead,,4.418245578
2015,E06000041,South East,Wokingham,,4.522988382
2015,E06000042,South East,Milton Keynes,,4.772766655
2015,E06000043,South East,Brighton and Hove,,4.909828387
2015,E06000044,South East,Portsmouth,,5.908671377
2015,E06000045,South East,Southampton,,5.207268898
2015,E06000046,South East,Isle of Wight,,4.546440548
2015,E06000047,North East,County Durham,,3.589577553
2015,E06000049,North West,Cheshire East,,4.152956335
2015,E06000050,North West,Cheshire West and Chester,,4.181055445
2015,E06000051,West Midlands,Shropshire,,3.869080632
2015,E06000052,South West,Cornwall,,4.061236302
2015,E06000053,South West,Isles of Scilly,,2.913166804
2015,E06000054,South West,Wiltshire,,4.225019154
2015,E06000055,East of England,Bedford,,4.757844798
2015,E06000056,East of England,Central Bedfordshire,,4.877298325
2015,E06000057,North East,Northumberland,,3.172838219
2015,E07000004,South East,Aylesbury Vale,,4.545711926
2015,E07000005,South East,Chiltern,,4.425992362
2015,E07000006,South East,South Bucks,,4.721837373
2015,E07000007,South East,Wycombe,,4.501461388
2015,E07000008,East of England,Cambridge,,4.731735637
2015,E07000009,East of England,East Cambridgeshire,,4.946667572
2015,E07000010,East of England,Fenland,,5.291823092
2015,E07000011,East of England,Huntingdonshire,,5.137559195
2015,E07000012,East of England,South Cambridgeshire,,4.852702204
2015,E07000026,North West,Allerdale,,2.977529413
2015,E07000027,North West,Barrow in Furness,,5.880475629
2015,E07000028,North West,Carlisle,,4.112837171
2015,E07000029,North West,Copeland,,3.029554946
2015,E07000030,North West,Eden,,3.440367654
2015,E07000031,North West,South Lakeland,,3.628972261
2015,E07000032,East Midlands,Amber Valley,,5.061480935
2015,E07000033,East Midlands,Bolsover,,4.873584646
2015,E07000034,East Midlands,Chesterfield,,4.295371555
2015,E07000035,East Midlands,Derbyshire Dales,,4.135831494
2015,E07000036,East Midlands,Erewash,,5.215863026
2015,E07000037,East Midlands,High Peak,,3.84917104
2015,E07000038,East Midlands,North East Derbyshire,,4.58641721
2015,E07000039,East Midlands,South Derbyshire,,5.284852917
2015,E07000040,South West,East Devon,,3.755169454
2015,E07000041,South West,Exeter,,4.06653012
2015,E07000042,South West,Mid Devon,,3.995824894
2015,E07000043,South West,North Devon,,3.598593588
2015,E07000044,South West,South Hams,,3.541241726
2015,E07000045,South West,Teignbridge,,3.977564151
2015,E07000046,South West,Torridge,,3.606176516
2015,E07000047,South West,West Devon,,3.311233713
2015,E07000048,South West,Christchurch,,3.920135432
2015,E07000049,South West,East Dorset,,3.874569891
2015,E07000050,South West,North Dorset,,4.070040537
2015,E07000051,South West,Purbeck,,3.526407964
2015,E07000052,South West,West Dorset,,3.784478431
2015,E07000053,South West,Weymouth and Portland,,3.861557599
2015,E07000061,South East,Eastbourne,,4.43231296
2015,E07000062,South East,Hastings,,5.266616557
2015,E07000063,South East,Lewes,,3.908467515
2015,E07000064,South East,Rother,,4.226135288
2015,E07000065,South East,Wealden,,3.973390099
2015,E07000066,East of England,Basildon,,5.493267116
2015,E07000067,East of England,Braintree,,5.379218524
2015,E07000068,East of England,Brentwood,,5.305618442
2015,E07000069,East of England,Castle Point,,5.278180273
2015,E07000070,East of England,Chelmsford,,5.734470696
2015,E07000071,East of England,Colchester,,5.48025915
2015,E07000072,East of England,Epping Forest,,5.316923613
2015,E07000073,East of England,Harlow,,5.291469905
2015,E07000074,East of England,Maldon,,5.297805003
2015,E07000075,East of England,Rochford,,5.246643052
2015,E07000076,East of England,Tendring,,5.179155797
2015,E07000077,East of England,Uttlesford,,4.965674332
2015,E07000078,South West,Cheltenham,,4.703031724
2015,E07000079,South West,Cotswold,,4.242066686
2015,E07000080,South West,Forest of Dean,,4.290017865
2015,E07000081,South West,Gloucester,,4.469153447
2015,E07000082,South West,Stroud,,4.282299102
2015,E07000083,South West,Tewkesbury,,4.647931526
2015,E07000084,South East,Basingstoke and Deane,,4.479723605
2015,E07000085,South East,East Hampshire,,4.183445053
2015,E07000086,South East,Eastleigh,,4.830539739
2015,E07000087,South East,Fareham,,4.805543246
2015,E07000088,South East,Gosport,,5.018426965
2015,E07000089,South East,Hart,,4.175237506
2015,E07000090,South East,Havant,,5.054355498
2015,E07000091,South East,New Forest,,4.025653373
2015,E07000092,South East,Rushmoor,,4.757139989
2015,E07000093,South East,Test Valley,,4.317697674
2015,E07000094,South East,Winchester,,4.254017679
2015,E07000095,East of England,Broxbourne,,4.835585938
2015,E07000096,East of England,Dacorum,,4.617718438
2015,E07000098,East of England,Hertsmere,,5.071957896
2015,E07000099,East of England,North Hertfordshire,,4.699266818
2015,E07000102,East of England,Three Rivers,,4.852957233
2015,E07000103,East of England,Watford,,4.875314019
2015,E07000105,South East,Ashford,,5.053796726
2015,E07000106,South East,Canterbury,,5.011962481
2015,E07000107,South East,Dartford,,5.375320435
2015,E07000108,South East,Dover,,4.99036858
2015,E07000109,South East,Gravesham,,5.149625027
2015,E07000110,South East,Maidstone,,5.390740932
2015,E07000111,South East,Sevenoaks,,4.895033299
2015,E07000112,South East,Shepway,,4.928870211
2015,E07000113,South East,Swale,,5.406809316
2015,E07000114,South East,Thanet,,5.154488511
2015,E07000115,South East,Tonbridge and Malling,,5.211389317
2015,E07000116,South East,Tunbridge Wells,,4.678546062
2015,E07000117,North West,Burnley,,5.018687085
2015,E07000118,North West,Chorley,,4.785050877
2015,E07000119,North West,Fylde,,3.826186412
2015,E07000120,North West,Hyndburn,,3.903657726
2015,E07000121,North West,Lancaster,,4.248974118
2015,E07000122,North West,Pendle,,3.670467002
2015,E07000123,North West,Preston,,3.785997746
2015,E07000124,North West,Ribble Valley,,3.73016538
2015,E07000125,North West,Rossendale,,3.60440722
2015,E07000126,North West,South Ribble,,3.741602549
2015,E07000127,North West,West Lancashire,,4.137926184
2015,E07000128,North West,Wyre,,4.087221841
2015,E07000129,East Midlands,Blaby,,5.247725196
2015,E07000130,East Midlands,Charnwood,,5.580564686
2015,E07000131,East Midlands,Harborough,,4.911291147
2015,E07000132,East Midlands,Hinckley and Bosworth,,5.32614772
2015,E07000133,East Midlands,Melton,,5.220502206
2015,E07000134,East Midlands,North West Leicestershire,,5.809565103
2015,E07000135,East Midlands,Oadby and Wigston,,4.95533517
2015,E07000136,East Midlands,Boston,,5.480176536
2015,E07000137,East Midlands,East Lindsey,,4.937328943
2015,E07000138,East Midlands,Lincoln,,4.951137161
2015,E07000139,East Midlands,North Kesteven,,5.371857782
2015,E07000140,East Midlands,South Holland,,5.229056479
2015,E07000141,East Midlands,South Kesteven,,5.082627277
2015,E07000142,East Midlands,West Lindsey,,5.179122646
2015,E07000143,East of England,Breckland,,4.789073144
2015,E07000144,East of England,Broadland,,4.933119059
2015,E07000145,East of England,Great Yarmouth,,5.651020887
2015,E07000146,East of England,Kings Lynn and West Norfolk,,4.658193019
2015,E07000147,East of England,North Norfolk,,4.683400377
2015,E07000148,East of England,Norwich,,5.908457555
2015,E07000149,East of England,South Norfolk,,4.82356889
2015,E07000150,East Midlands,Corby,,4.609414691
2015,E07000151,East Midlands,Daventry,,4.773737688
2015,E07000152,East Midlands,East Northamptonshire,,5.131777221
2015,E07000153,East Midlands,Kettering,,5.446844373
2015,E07000154,East Midlands,Northampton,,5.596430306
2015,E07000155,East Midlands,South Northamptonshire,,4.752583579
2015,E07000156,East Midlands,Wellingborough,,5.494038066
2015,E07000163,Yorkshire and the Humber,Craven,,3.099661884
2015,E07000164,Yorkshire and the Humber,Hambleton,,3.861742461
2015,E07000165,Yorkshire and the Humber,Harrogate,,3.722317317
2015,E07000166,Yorkshire and the Humber,Richmondshire,,3.267882029
2015,E07000167,Yorkshire and the Humber,Ryedale,,4.026961967
2015,E07000168,Yorkshire and the Humber,Scarborough,,4.638135688
2015,E07000169,Yorkshire and the Humber,Selby,,4.589658428
2015,E07000170,East Midlands,Ashfield,,4.837543347
2015,E07000171,East Midlands,Bassetlaw,,5.041453114
2015,E07000172,East Midlands,Broxtowe,,5.170259957
2015,E07000173,East Midlands,Gedling,,4.952006685
2015,E07000174,East Midlands,Mansfield,,4.714747518
2015,E07000175,East Midlands,Newark and Sherwood,,5.35955552
2015,E07000176,East Midlands,Rushcliffe,,5.252572608
2015,E07000177,South East,Cherwell,,5.022472578
2015,E07000178,South East,Oxford,,4.914460383
2015,E07000179,South East,South Oxfordshire,,4.534231233
2015,E07000180,South East,Vale of White Horse,,4.616217814
2015,E07000181,South East,West Oxfordshire,,4.484966503
2015,E07000187,South West,Mendip,,4.080213314
2015,E07000188,South West,Sedgemoor,,4.476150254
2015,E07000189,South West,South Somerset,,4.321984986
2015,E07000190,South West,Taunton Deane,,4.340798941
2015,E07000191,South West,West Somerset,,3.29019426
2015,E07000192,West Midlands,Cannock Chase,,4.57775489
2015,E07000193,West Midlands,East Staffordshire,,4.842539272
2015,E07000194,West Midlands,Lichfield,,4.634946128
2015,E07000195,West Midlands,Newcastle under Lyme,,4.162226825
2015,E07000196,West Midlands,South Staffordshire,,4.705774793
2015,E07000197,West Midlands,Stafford,,4.654843016
2015,E07000198,West Midlands,Staffordshire Moorlands,,4.037228778
2015,E07000199,West Midlands,Tamworth,,4.851465855
2015,E07000200,East of England,Babergh,,5.198580083
2015,E07000201,East of England,Forest Heath,,4.831194096
2015,E07000202,East of England,Ipswich,,6.60603221
2015,E07000203,East of England,Mid Suffolk,,5.064717079
2015,E07000204,East of England,St Edmundsbury,,5.02256666
2015,E07000205,East of England,Suffolk Coastal,,5.074668221
2015,E07000206,East of England,Waveney,,5.386562154
2015,E07000207,South East,Elmbridge,,4.764542998
2015,E07000208,South East,Epsom and Ewell,,4.826996149
2015,E07000209,South East,Guildford,,4.391202101
2015,E07000210,South East,Mole Valley,,4.382215623
2015,E07000211,South East,Reigate and Banstead,,4.585466506
2015,E07000212,South East,Runnymede,,4.921961966
2015,E07000213,South East,Spelthorne,,4.791381016
2015,E07000214,South East,Surrey Heath,,4.570976826
2015,E07000215,South East,Tandridge,,4.514136696
2015,E07000216,South East,Waverley,,4.009417494
2015,E07000217,South East,Woking,,4.707140745
2015,E07000218,West Midlands,North Warwickshire,,4.884575607
2015,E07000219,West Midlands,Nuneaton and Bedworth,,4.869172386
2015,E07000220,West Midlands,Rugby,,4.627110693
2015,E07000221,West Midlands,Stratford on Avon,,4.604762276
2015,E07000222,West Midlands,Warwick,,4.676263227
2015,E07000223,South East,Adur,,4.592582658
2015,E07000224,South East,Arun,,4.133328978
2015,E07000225,South East,Chichester,,4.125787519
2015,E07000226,South East,Crawley,,4.167727264
2015,E07000227,South East,Horsham,,4.099264804
2015,E07000228,South East,Mid Sussex,,4.129586254
2015,E07000229,South East,Worthing,,4.770474979
2015,E07000234,West Midlands,Bromsgrove,,4.766729384
2015,E07000235,West Midlands,Malvern Hills,,4.279131106
2015,E07000236,West Midlands,Redditch,,4.577888333
2015,E07000237,West Midlands,Worcester,,4.4135727
2015,E07000238,West Midlands,Wychavon,,4.700060903
2015,E07000239,West Midlands,Wyre Forest,,4.782787237
2015,E07000240,East of England,St Albans,,5.094843877
2015,E07000241,East of England,Welwyn Hatfield,,5.028593247
2015,E07000242,East of England,East Hertfordshire,,5.037419375
2015,E07000243,East of England,Stevenage,,4.612310524
2015,E08000001,North West,Bolton,,4.228836279
2015,E08000002,North West,Bury,,4.00106079
2015,E08000003,North West,Manchester,,4.318974409
2015,E08000004,North West,Oldham,,4.160819556
2015,E08000005,North West,Rochdale,,4.004786157
2015,E08000006,North West,Salford,,4.345124234
2015,E08000007,North West,Stockport,,4.09111152
2015,E08000008,North West,Tameside,,4.208565827
2015,E08000009,North West,Trafford,,4.055416678
2015,E08000010,North West,Wigan,,4.283068775
2015,E08000011,North West,Knowsley,,4.337543695
2015,E08000012,North West,Liverpool,,3.966518744
2015,E08000013,North West,St Helens,,4.063645668
2015,E08000014,North West,Sefton,,4.507715789
2015,E08000015,North West,Wirral,,3.464923873
2015,E08000016,Yorkshire and the Humber,Barnsley,,3.991315977
2015,E08000017,Yorkshire and the Humber,Doncaster,,4.528796334
2015,E08000018,Yorkshire and the Humber,Rotherham,,4.449869221
2015,E08000019,Yorkshire and the Humber,Sheffield,,4.111015713
2015,E08000021,North East,Newcastle upon Tyne,,3.521269857
2015,E08000022,North East,North Tyneside,,3.534547423
2015,E08000023,North East,South Tyneside,,3.643891315
2015,E08000024,North East,Sunderland,,3.657101482
2015,E08000025,West Midlands,Birmingham,,5.12991984
2015,E08000026,West Midlands,Coventry,,4.98125571
2015,E08000027,West Midlands,Dudley,,4.837582162
2015,E08000028,West Midlands,Sandwell,,5.883705792
2015,E08000029,West Midlands,Solihull,,4.837848322
2015,E08000030,West Midlands,Walsall,,5.359533461
2015,E08000031,West Midlands,Wolverhampton,,5.022339756
2015,E08000032,Yorkshire and the Humber,Bradford,,4.201515928
2015,E08000033,Yorkshire and the Humber,Calderdale,,3.695716654
2015,E08000034,Yorkshire and the Humber,Kirklees,,3.885278643
2015,E08000035,Yorkshire and the Humber,Leeds,,4.278322357
2015,E08000036,Yorkshire and the Humber,Wakefield,,4.23239098
2015,E08000037,North East,Gateshead,,3.466352611
2015,E09000001,London,City of London,,6.999731601
2015,E09000002,London,Barking and Dagenham,,5.641141161
2015,E09000003,London,Barnet,,5.400542144
2015,E09000004,London,Bexley,,5.173564224
2015,E09000005,London,Brent,,5.694799207
2015,E09000006,London,Bromley,,4.867853102
2015,E09000007,London,Camden,,6.309710715
2015,E09000008,London,Croydon,,5.085403664
2015,E09000009,London,Ealing,,5.4985535
2015,E09000010,London,Enfield,,5.382846304
2015,E09000011,London,Greenwich,,5.527485707
2015,E09000012,London,Hackney,,6.316075961
2015,E09000013,London,Hammersmith and Fulham,,6.107233194
2015,E09000014,London,Haringey,,5.782031397
2015,E09000015,London,Harrow,,4.976776464
2015,E09000016,London,Havering,,5.14415331
2015,E09000017,London,Hillingdon,,4.992411382
2015,E09000018,London,Hounslow,,5.319064216
2015,E09000019,London,Islington,,6.455233484
2015,E09000020,London,Kensington and Chelsea,,6.564762119
2015,E09000021,London,Kingston upon Thames,,5.101689795
2015,E09000022,London,Lambeth,,5.987719161
2015,E09000023,London,Lewisham,,5.565802424
2015,E09000024,London,Merton,,5.254780914
2015,E09000025,London,Newham,,6.028992254
2015,E09000026,London,Redbridge,,5.687985085
2015,E09000027,London,Richmond upon Thames,,5.13094251
2015,E09000028,London,Southwark,,6.130646279
2015,E09000029,London,Sutton,,4.916122528
2015,E09000030,London,Tower Hamlets,,6.382917681
2015,E09000031,London,Waltham Forest,,5.909318321
2015,E09000032,London,Wandsworth,,5.664109793
2015,E09000033,London,Westminster,,6.65386027
2013,E92000001,,,1. Most deprived,5.943771561
2013,E92000001,,,2. Second most deprived,5.789651222
2013,E92000001,,,3. Third most deprived,5.192285494
2013,E92000001,,,4. Fourth most deprived,5.185484335
2013,E92000001,,,5. Fifth most deprived,5.495265747
2013,E92000001,,,6. Fifth least deprived,5.471314943
2013,E92000001,,,7. Fourth least deprived,5.032616701
2013,E92000001,,,8. Third least deprived,5.501497192
2013,E92000001,,,9. Second least deprived,5.091352433
2013,E92000001,,,10. Least deprived,5.490158192
2013,E92000001,,,1. Most deprived,5.781138654
2013,E92000001,,,2. Second most deprived,5.22134669
2013,E92000001,,,3. Third most deprived,5.407883004
2013,E92000001,,,4. Fourth most deprived,5.194188465
2013,E92000001,,,5. Fifth most deprived,5.144915469
2013,E92000001,,,6. Fifth least deprived,5.270123591
2013,E92000001,,,7. Fourth least deprived,5.20542915
2013,E92000001,,,8. Third least deprived,5.073647166
2013,E92000001,,,9. Second least deprived,5.275355441
2013,E92000001,,,10. Least deprived,5.28103247
2014,E92000001,,,1. Most deprived,5.545664915
2014,E92000001,,,2. Second most deprived,5.496937525
2014,E92000001,,,3. Third most deprived,5.619163148
2014,E92000001,,,4. Fourth most deprived,5.094865506
2014,E92000001,,,5. Fifth most deprived,5.198436347
2014,E92000001,,,6. Fifth least deprived,5.187433125
2014,E92000001,,,7. Fourth least deprived,5.303970538
2014,E92000001,,,8. Third least deprived,5.115147699
2014,E92000001,,,9. Second least deprived,5.183452656
2014,E92000001,,,10. Least deprived,5.007480999
2014,E92000001,,,1. Most deprived,5.487271259
2014,E92000001,,,2. Second most deprived,5.353540909
2014,E92000001,,,3. Third most deprived,4.992449836
2014,E92000001,,,4. Fourth most deprived,5.014071669
2014,E92000001,,,5. Fifth most deprived,5.031360508
2014,E92000001,,,6. Fifth least deprived,5.175871183
2014,E92000001,,,7. Fourth least deprived,4.870215018
2014,E92000001,,,8. Third least deprived,4.966948183
2014,E92000001,,,9. Second least deprived,5.021308719
2014,E92000001,,,10. Least deprived,5.084892879
2015,E92000001,,,1. Most deprived,4.932636927
2015,E92000001,,,2. Second most deprived,4.918628753
2015,E92000001,,,3. Third most deprived,4.878618453
2015,E92000001,,,4. Fourth most deprived,4.527771233
2015,E92000001,,,5. Fifth most deprived,4.7009459
2015,E92000001,,,6. Fifth least deprived,4.736432349
2015,E92000001,,,7. Fourth least deprived,4.617631529
2015,E92000001,,,8. Third least deprived,4.716714528
2015,E92000001,,,9. Second least deprived,4.568584954
2015,E92000001,,,10. Least deprived,4.648777498
2015,E92000001,,,1. Most deprived,4.992414814
2015,E92000001,,,2. Second most deprived,4.702504977
2015,E92000001,,,3. Third most deprived,4.6683444
2015,E92000001,,,4. Fourth most deprived,4.812388016
2015,E92000001,,,5. Fifth most deprived,4.607166896
2015,E92000001,,,6. Fifth least deprived,4.696671
2015,E92000001,,,7. Fourth least deprived,4.710494366
2015,E92000001,,,8. Third least deprived,4.569696016
2015,E92000001,,,9. Second least deprived,4.634965547
2015,E92000001,,,10. Least deprived,4.598920879
